KEY,FREQ,REF_AREA,ADJUSTMENT,ICP_ITEM,STS_INSTITUTION,ICP_SUFFIX,TIME_PERIOD,OBS_VALUE,OBS_STATUS,OBS_CONF,OBS_PRE_BREAK,OBS_COM,TIME_FORMAT,BREAKS,COLLECTION,COMPILING_ORG,DATA_COMP,DISS_ORG,DOM_SER_IDS,PUBL_ECB,PUBL_MU,PUBL_PUBLIC,UNIT_INDEX_BASE,COMPILATION,COVERAGE,DECIMALS,SOURCE_AGENCY,TITLE,TITLE_COMPL,UNIT,UNIT_MULT
ICP.M.U2.Y.000000.3.INX,M,U2,Y,000000,3,INX,1997-01,72.81859,A,F,,,P1M,,A,,,,,,,,2015 = 100,,,2,4F0,HICP - Overall index,"Euro area (changing composition) - HICP - Overall index, Monthly Index, European Central Bank, Working day and seasonally adjusted",PURE_NUMB,0
ICP.M.U2.Y.000000.3.INX,M,U2,Y,000000,3,INX,1997-02,72.7965,A,F,,,P1M,,A,,,,,,,,2015 = 100,,,2,4F0,HICP - Overall index,"Euro area (changing composition) - HICP - Overall index, Monthly Index, European Central Bank, Working day and seasonally adjusted",PURE_NUMB,0
ICP.M.U2.Y.000000.3.INX,M,U2,Y,000000,3,INX,1997-03,72.77046,A,F,,,P1M,,A,,,,,,,,2015 = 100,,,2,4F0,HICP - Overall index,"Euro area (changing composition) - HICP - Overall index, Monthly Index, European Central Bank, Working day and seasonally adjusted",PURE_NUMB,0
ICP.M.U2.Y.000000.3.INX,M,U2,Y,000000,3,INX,1997-04,72.76094,A,F,,,P1M,,A,,,,,,,,2015 = 100,,,2,4F0,HICP - Overall index,"Euro area (changing composition) - HICP - Overall index, Monthly Index, European Central Bank, Working day and seasonally adjusted",PURE_NUMB,0
ICP.M.U2.Y.000000.3.INX,M,U2,Y,000000,3,INX,1997-05,72.87244,A,F,,,P1M,,A,,,,,,,,2015 = 100,,,2,4F0,HICP - Overall index,"Euro area (changing composition) - HICP - Overall index, Monthly Index, European Central Bank, Working day and seasonally adjusted",PURE_NUMB,0
ICP.M.U2.Y.000000.3.INX,M,U2,Y,000000,3,INX,1997-06,72.91216,A,F,,,P1M,,A,,,,,,,,2015 = 100,,,2,4F0,HICP - Overall index,"Euro area (changing composition) - HICP - Overall index, Monthly Index, European Central Bank, Working day and seasonally adjusted",PURE_NUMB,0
ICP.M.U2.Y.000000.3.INX,M,U2,Y,000000,3,INX,1997-07,73.01243,A,F,,,P1M,,A,,,,,,,,2015 = 100,,,2,4F0,HICP - Overall index,"Euro area (changing composition) - HICP - Overall index, Monthly Index, European Central Bank, Working day and seasonally adjusted",PURE_NUMB,0
ICP.M.U2.Y.000000.3.INX,M,U2,Y,000000,3,INX,1997-08,73.22695,A,F,,,P1M,,A,,,,,,,,2015 = 100,,,2,4F0,HICP - Overall index,"Euro area (changing composition) - HICP - Overall index, Monthly Index, European Central Bank, Working day and seasonally adjusted",PURE_NUMB,0
ICP.M.U2.Y.000000.3.INX,M,U2,Y,000000,3,INX,1997-09,73.33581,A,F,,,P1M,,A,,,,,,,,2015 = 100,,,2,4F0,HICP - Overall index,"Euro area (changing composition) - HICP - Overall index, Monthly Index, European Central Bank, Working day and seasonally adjusted",PURE_NUMB,0
ICP.M.U2.Y.000000.3.INX,M,U2,Y,000000,3,INX,1997-10,73.41286,A,F,,,P1M,,A,,,,,,,,2015 = 100,,,2,4F0,HICP - Overall index,"Euro area (changing composition) - HICP - Overall index, Monthly Index, European Central Bank, Working day and seasonally adjusted",PURE_NUMB,0
ICP.M.U2.Y.000000.3.INX,M,U2,Y,000000,3,INX,1997-11,73.50648,A,F,,,P1M,,A,,,,,,,,2015 = 100,,,2,4F0,HICP - Overall index,"Euro area (changing composition) - HICP - Overall index, Monthly Index, European Central Bank, Working day and seasonally adjusted",PURE_NUMB,0
ICP.M.U2.Y.000000.3.INX,M,U2,Y,000000,3,INX,1997-12,73.54597,A,F,,,P1M,,A,,,,,,,,2015 = 100,,,2,4F0,HICP - Overall index,"Euro area (changing composition) - HICP - Overall index, Monthly Index, European Central Bank, Working day and seasonally adjusted",PURE_NUMB,0
ICP.M.U2.Y.000000.3.INX,M,U2,Y,000000,3,INX,1998-01,73.52138,A,F,,Introduction of harmonised treatment of price reductions in Portugal as of Jan98,P1M,,A,,,,,,,,2015 = 100,,,2,4F0,HICP - Overall index,"Euro area (changing composition) - HICP - Overall index, Monthly Index, European Central Bank, Working day and seasonally adjusted",PURE_NUMB,0
ICP.M.U2.Y.000000.3.INX,M,U2,Y,000000,3,INX,1998-02,73.55792,A,F,,,P1M,,A,,,,,,,,2015 = 100,,,2,4F0,HICP - Overall index,"Euro area (changing composition) - HICP - Overall index, Monthly Index, European Central Bank, Working day and seasonally adjusted",PURE_NUMB,0
ICP.M.U2.Y.000000.3.INX,M,U2,Y,000000,3,INX,1998-03,73.56837,A,F,,,P1M,,A,,,,,,,,2015 = 100,,,2,4F0,HICP - Overall index,"Euro area (changing composition) - HICP - Overall index, Monthly Index, European Central Bank, Working day and seasonally adjusted",PURE_NUMB,0
ICP.M.U2.Y.000000.3.INX,M,U2,Y,000000,3,INX,1998-04,73.71377,A,F,,,P1M,,A,,,,,,,,2015 = 100,,,2,4F0,HICP - Overall index,"Euro area (changing composition) - HICP - Overall index, Monthly Index, European Central Bank, Working day and seasonally adjusted",PURE_NUMB,0
ICP.M.U2.Y.000000.3.INX,M,U2,Y,000000,3,INX,1998-05,73.81244,A,F,,,P1M,,A,,,,,,,,2015 = 100,,,2,4F0,HICP - Overall index,"Euro area (changing composition) - HICP - Overall index, Monthly Index, European Central Bank, Working day and seasonally adjusted",PURE_NUMB,0
ICP.M.U2.Y.000000.3.INX,M,U2,Y,000000,3,INX,1998-06,73.87046,A,F,,,P1M,,A,,,,,,,,2015 = 100,,,2,4F0,HICP - Overall index,"Euro area (changing composition) - HICP - Overall index, Monthly Index, European Central Bank, Working day and seasonally adjusted",PURE_NUMB,0
ICP.M.U2.Y.000000.3.INX,M,U2,Y,000000,3,INX,1998-07,73.90392,A,F,,,P1M,,A,,,,,,,,2015 = 100,,,2,4F0,HICP - Overall index,"Euro area (changing composition) - HICP - Overall index, Monthly Index, European Central Bank, Working day and seasonally adjusted",PURE_NUMB,0
ICP.M.U2.Y.000000.3.INX,M,U2,Y,000000,3,INX,1998-08,73.97366,A,F,,,P1M,,A,,,,,,,,2015 = 100,,,2,4F0,HICP - Overall index,"Euro area (changing composition) - HICP - Overall index, Monthly Index, European Central Bank, Working day and seasonally adjusted",PURE_NUMB,0
ICP.M.U2.Y.000000.3.INX,M,U2,Y,000000,3,INX,1998-09,74.01049,A,F,,,P1M,,A,,,,,,,,2015 = 100,,,2,4F0,HICP - Overall index,"Euro area (changing composition) - HICP - Overall index, Monthly Index, European Central Bank, Working day and seasonally adjusted",PURE_NUMB,0
ICP.M.U2.Y.000000.3.INX,M,U2,Y,000000,3,INX,1998-10,74.04117,A,F,,,P1M,,A,,,,,,,,2015 = 100,,,2,4F0,HICP - Overall index,"Euro area (changing composition) - HICP - Overall index, Monthly Index, European Central Bank, Working day and seasonally adjusted",PURE_NUMB,0
ICP.M.U2.Y.000000.3.INX,M,U2,Y,000000,3,INX,1998-11,74.05255,A,F,,,P1M,,A,,,,,,,,2015 = 100,,,2,4F0,HICP - Overall index,"Euro area (changing composition) - HICP - Overall index, Monthly Index, European Central Bank, Working day and seasonally adjusted",PURE_NUMB,0
ICP.M.U2.Y.000000.3.INX,M,U2,Y,000000,3,INX,1998-12,74.04153,A,F,,,P1M,,A,,,,,,,,2015 = 100,,,2,4F0,HICP - Overall index,"Euro area (changing composition) - HICP - Overall index, Monthly Index, European Central Bank, Working day and seasonally adjusted",PURE_NUMB,0
ICP.M.U2.Y.000000.3.INX,M,U2,Y,000000,3,INX,1999-01,74.03451,A,F,,Introduction of harmonised treatment of price reductions in Luxembourg as of Jan99,P1M,,A,,,,,,,,2015 = 100,,,2,4F0,HICP - Overall index,"Euro area (changing composition) - HICP - Overall index, Monthly Index, European Central Bank, Working day and seasonally adjusted",PURE_NUMB,0
ICP.M.U2.Y.000000.3.INX,M,U2,Y,000000,3,INX,1999-02,74.06864,A,F,,,P1M,,A,,,,,,,,2015 = 100,,,2,4F0,HICP - Overall index,"Euro area (changing composition) - HICP - Overall index, Monthly Index, European Central Bank, Working day and seasonally adjusted",PURE_NUMB,0
ICP.M.U2.Y.000000.3.INX,M,U2,Y,000000,3,INX,1999-03,74.21302,A,F,,,P1M,,A,,,,,,,,2015 = 100,,,2,4F0,HICP - Overall index,"Euro area (changing composition) - HICP - Overall index, Monthly Index, European Central Bank, Working day and seasonally adjusted",PURE_NUMB,0
ICP.M.U2.Y.000000.3.INX,M,U2,Y,000000,3,INX,1999-04,74.49943,A,F,,,P1M,,A,,,,,,,,2015 = 100,,,2,4F0,HICP - Overall index,"Euro area (changing composition) - HICP - Overall index, Monthly Index, European Central Bank, Working day and seasonally adjusted",PURE_NUMB,0
ICP.M.U2.Y.000000.3.INX,M,U2,Y,000000,3,INX,1999-05,74.48308,A,F,,,P1M,,A,,,,,,,,2015 = 100,,,2,4F0,HICP - Overall index,"Euro area (changing composition) - HICP - Overall index, Monthly Index, European Central Bank, Working day and seasonally adjusted",PURE_NUMB,0
ICP.M.U2.Y.000000.3.INX,M,U2,Y,000000,3,INX,1999-06,74.50438,A,F,,,P1M,,A,,,,,,,,2015 = 100,,,2,4F0,HICP - Overall index,"Euro area (changing composition) - HICP - Overall index, Monthly Index, European Central Bank, Working day and seasonally adjusted",PURE_NUMB,0
ICP.M.U2.Y.000000.3.INX,M,U2,Y,000000,3,INX,1999-07,74.65922,A,F,,,P1M,,A,,,,,,,,2015 = 100,,,2,4F0,HICP - Overall index,"Euro area (changing composition) - HICP - Overall index, Monthly Index, European Central Bank, Working day and seasonally adjusted",PURE_NUMB,0
ICP.M.U2.Y.000000.3.INX,M,U2,Y,000000,3,INX,1999-08,74.80499,A,F,,,P1M,,A,,,,,,,,2015 = 100,,,2,4F0,HICP - Overall index,"Euro area (changing composition) - HICP - Overall index, Monthly Index, European Central Bank, Working day and seasonally adjusted",PURE_NUMB,0
ICP.M.U2.Y.000000.3.INX,M,U2,Y,000000,3,INX,1999-09,74.88825,A,F,,,P1M,,A,,,,,,,,2015 = 100,,,2,4F0,HICP - Overall index,"Euro area (changing composition) - HICP - Overall index, Monthly Index, European Central Bank, Working day and seasonally adjusted",PURE_NUMB,0
ICP.M.U2.Y.000000.3.INX,M,U2,Y,000000,3,INX,1999-10,75.01578,A,F,,,P1M,,A,,,,,,,,2015 = 100,,,2,4F0,HICP - Overall index,"Euro area (changing composition) - HICP - Overall index, Monthly Index, European Central Bank, Working day and seasonally adjusted",PURE_NUMB,0
ICP.M.U2.Y.000000.3.INX,M,U2,Y,000000,3,INX,1999-11,75.13303,A,F,,,P1M,,A,,,,,,,,2015 = 100,,,2,4F0,HICP - Overall index,"Euro area (changing composition) - HICP - Overall index, Monthly Index, European Central Bank, Working day and seasonally adjusted",PURE_NUMB,0
ICP.M.U2.Y.000000.3.INX,M,U2,Y,000000,3,INX,1999-12,75.34853,A,F,,,P1M,,A,,,,,,,,2015 = 100,,,2,4F0,HICP - Overall index,"Euro area (changing composition) - HICP - Overall index, Monthly Index, European Central Bank, Working day and seasonally adjusted",PURE_NUMB,0
ICP.M.U2.Y.000000.3.INX,M,U2,Y,000000,3,INX,2000-01,75.45421,A,F,,Introduction of harmonised treatment of price reductions in Belgium as of Jan00,P1M,,A,,,,,,,,2015 = 100,,,2,4F0,HICP - Overall index,"Euro area (changing composition) - HICP - Overall index, Monthly Index, European Central Bank, Working day and seasonally adjusted",PURE_NUMB,0
ICP.M.U2.Y.000000.3.INX,M,U2,Y,000000,3,INX,2000-02,75.57435,A,F,,,P1M,,A,,,,,,,,2015 = 100,,,2,4F0,HICP - Overall index,"Euro area (changing composition) - HICP - Overall index, Monthly Index, European Central Bank, Working day and seasonally adjusted",PURE_NUMB,0
ICP.M.U2.Y.000000.3.INX,M,U2,Y,000000,3,INX,2000-03,75.74603,A,F,,,P1M,,A,,,,,,,,2015 = 100,,,2,4F0,HICP - Overall index,"Euro area (changing composition) - HICP - Overall index, Monthly Index, European Central Bank, Working day and seasonally adjusted",PURE_NUMB,0
ICP.M.U2.Y.000000.3.INX,M,U2,Y,000000,3,INX,2000-04,75.72659,A,F,,,P1M,,A,,,,,,,,2015 = 100,,,2,4F0,HICP - Overall index,"Euro area (changing composition) - HICP - Overall index, Monthly Index, European Central Bank, Working day and seasonally adjusted",PURE_NUMB,0
ICP.M.U2.Y.000000.3.INX,M,U2,Y,000000,3,INX,2000-05,75.84082,A,F,,,P1M,,A,,,,,,,,2015 = 100,,,2,4F0,HICP - Overall index,"Euro area (changing composition) - HICP - Overall index, Monthly Index, European Central Bank, Working day and seasonally adjusted",PURE_NUMB,0
ICP.M.U2.Y.000000.3.INX,M,U2,Y,000000,3,INX,2000-06,76.12917,A,F,,,P1M,,A,,,,,,,,2015 = 100,,,2,4F0,HICP - Overall index,"Euro area (changing composition) - HICP - Overall index, Monthly Index, European Central Bank, Working day and seasonally adjusted",PURE_NUMB,0
ICP.M.U2.Y.000000.3.INX,M,U2,Y,000000,3,INX,2000-07,76.2312,A,F,,,P1M,,A,,,,,,,,2015 = 100,,,2,4F0,HICP - Overall index,"Euro area (changing composition) - HICP - Overall index, Monthly Index, European Central Bank, Working day and seasonally adjusted",PURE_NUMB,0
ICP.M.U2.Y.000000.3.INX,M,U2,Y,000000,3,INX,2000-08,76.37852,A,F,,,P1M,,A,,,,,,,,2015 = 100,,,2,4F0,HICP - Overall index,"Euro area (changing composition) - HICP - Overall index, Monthly Index, European Central Bank, Working day and seasonally adjusted",PURE_NUMB,0
ICP.M.U2.Y.000000.3.INX,M,U2,Y,000000,3,INX,2000-09,76.74847,A,F,,,P1M,,A,,,,,,,,2015 = 100,,,2,4F0,HICP - Overall index,"Euro area (changing composition) - HICP - Overall index, Monthly Index, European Central Bank, Working day and seasonally adjusted",PURE_NUMB,0
ICP.M.U2.Y.000000.3.INX,M,U2,Y,000000,3,INX,2000-10,76.80234,A,F,,,P1M,,A,,,,,,,,2015 = 100,,,2,4F0,HICP - Overall index,"Euro area (changing composition) - HICP - Overall index, Monthly Index, European Central Bank, Working day and seasonally adjusted",PURE_NUMB,0
ICP.M.U2.Y.000000.3.INX,M,U2,Y,000000,3,INX,2000-11,77.0259,A,F,,,P1M,,A,,,,,,,,2015 = 100,,,2,4F0,HICP - Overall index,"Euro area (changing composition) - HICP - Overall index, Monthly Index, European Central Bank, Working day and seasonally adjusted",PURE_NUMB,0
ICP.M.U2.Y.000000.3.INX,M,U2,Y,000000,3,INX,2000-12,76.93106,A,F,,,P1M,,A,,,,,,,,2015 = 100,,,2,4F0,HICP - Overall index,"Euro area (changing composition) - HICP - Overall index, Monthly Index, European Central Bank, Working day and seasonally adjusted",PURE_NUMB,0
ICP.M.U2.Y.000000.3.INX,M,U2,Y,000000,3,INX,2001-01,76.88398,A,F,,Introduction of harmonised treatment of price reductions in Spain and Italy as of Jan01,P1M,,A,,,,,,,,2015 = 100,,,2,4F0,HICP - Overall index,"Euro area (changing composition) - HICP - Overall index, Monthly Index, European Central Bank, Working day and seasonally adjusted",PURE_NUMB,0
ICP.M.U2.Y.000000.3.INX,M,U2,Y,000000,3,INX,2001-02,77.11262,A,F,,,P1M,,A,,,,,,,,2015 = 100,,,2,4F0,HICP - Overall index,"Euro area (changing composition) - HICP - Overall index, Monthly Index, European Central Bank, Working day and seasonally adjusted",PURE_NUMB,0
ICP.M.U2.Y.000000.3.INX,M,U2,Y,000000,3,INX,2001-03,77.28078,A,F,,,P1M,,A,,,,,,,,2015 = 100,,,2,4F0,HICP - Overall index,"Euro area (changing composition) - HICP - Overall index, Monthly Index, European Central Bank, Working day and seasonally adjusted",PURE_NUMB,0
ICP.M.U2.Y.000000.3.INX,M,U2,Y,000000,3,INX,2001-04,77.56783,A,F,,,P1M,,A,,,,,,,,2015 = 100,,,2,4F0,HICP - Overall index,"Euro area (changing composition) - HICP - Overall index, Monthly Index, European Central Bank, Working day and seasonally adjusted",PURE_NUMB,0
ICP.M.U2.Y.000000.3.INX,M,U2,Y,000000,3,INX,2001-05,77.91483,A,F,,,P1M,,A,,,,,,,,2015 = 100,,,2,4F0,HICP - Overall index,"Euro area (changing composition) - HICP - Overall index, Monthly Index, European Central Bank, Working day and seasonally adjusted",PURE_NUMB,0
ICP.M.U2.Y.000000.3.INX,M,U2,Y,000000,3,INX,2001-06,78.04497,A,F,,,P1M,,A,,,,,,,,2015 = 100,,,2,4F0,HICP - Overall index,"Euro area (changing composition) - HICP - Overall index, Monthly Index, European Central Bank, Working day and seasonally adjusted",PURE_NUMB,0
ICP.M.U2.Y.000000.3.INX,M,U2,Y,000000,3,INX,2001-07,78.09334,A,F,,,P1M,,A,,,,,,,,2015 = 100,,,2,4F0,HICP - Overall index,"Euro area (changing composition) - HICP - Overall index, Monthly Index, European Central Bank, Working day and seasonally adjusted",PURE_NUMB,0
ICP.M.U2.Y.000000.3.INX,M,U2,Y,000000,3,INX,2001-08,78.1355,A,F,,,P1M,,A,,,,,,,,2015 = 100,,,2,4F0,HICP - Overall index,"Euro area (changing composition) - HICP - Overall index, Monthly Index, European Central Bank, Working day and seasonally adjusted",PURE_NUMB,0
ICP.M.U2.Y.000000.3.INX,M,U2,Y,000000,3,INX,2001-09,78.31604,A,F,,,P1M,,A,,,,,,,,2015 = 100,,,2,4F0,HICP - Overall index,"Euro area (changing composition) - HICP - Overall index, Monthly Index, European Central Bank, Working day and seasonally adjusted",PURE_NUMB,0
ICP.M.U2.Y.000000.3.INX,M,U2,Y,000000,3,INX,2001-10,78.32363,A,F,,,P1M,,A,,,,,,,,2015 = 100,,,2,4F0,HICP - Overall index,"Euro area (changing composition) - HICP - Overall index, Monthly Index, European Central Bank, Working day and seasonally adjusted",PURE_NUMB,0
ICP.M.U2.Y.000000.3.INX,M,U2,Y,000000,3,INX,2001-11,78.32287,A,F,,,P1M,,A,,,,,,,,2015 = 100,,,2,4F0,HICP - Overall index,"Euro area (changing composition) - HICP - Overall index, Monthly Index, European Central Bank, Working day and seasonally adjusted",PURE_NUMB,0
ICP.M.U2.Y.000000.3.INX,M,U2,Y,000000,3,INX,2001-12,78.42311,A,F,,,P1M,,A,,,,,,,,2015 = 100,,,2,4F0,HICP - Overall index,"Euro area (changing composition) - HICP - Overall index, Monthly Index, European Central Bank, Working day and seasonally adjusted",PURE_NUMB,0
ICP.M.U2.Y.000000.3.INX,M,U2,Y,000000,3,INX,2002-01,78.92184,A,F,,,P1M,,A,,,,,,,,2015 = 100,,,2,4F0,HICP - Overall index,"Euro area (changing composition) - HICP - Overall index, Monthly Index, European Central Bank, Working day and seasonally adjusted",PURE_NUMB,0
ICP.M.U2.Y.000000.3.INX,M,U2,Y,000000,3,INX,2002-02,79.00902,A,F,,,P1M,,A,,,,,,,,2015 = 100,,,2,4F0,HICP - Overall index,"Euro area (changing composition) - HICP - Overall index, Monthly Index, European Central Bank, Working day and seasonally adjusted",PURE_NUMB,0
ICP.M.U2.Y.000000.3.INX,M,U2,Y,000000,3,INX,2002-03,79.19248,A,F,,,P1M,,A,,,,,,,,2015 = 100,,,2,4F0,HICP - Overall index,"Euro area (changing composition) - HICP - Overall index, Monthly Index, European Central Bank, Working day and seasonally adjusted",PURE_NUMB,0
ICP.M.U2.Y.000000.3.INX,M,U2,Y,000000,3,INX,2002-04,79.41611,A,F,,,P1M,,A,,,,,,,,2015 = 100,,,2,4F0,HICP - Overall index,"Euro area (changing composition) - HICP - Overall index, Monthly Index, European Central Bank, Working day and seasonally adjusted",PURE_NUMB,0
ICP.M.U2.Y.000000.3.INX,M,U2,Y,000000,3,INX,2002-05,79.49477,A,F,,,P1M,,A,,,,,,,,2015 = 100,,,2,4F0,HICP - Overall index,"Euro area (changing composition) - HICP - Overall index, Monthly Index, European Central Bank, Working day and seasonally adjusted",PURE_NUMB,0
ICP.M.U2.Y.000000.3.INX,M,U2,Y,000000,3,INX,2002-06,79.50931,A,F,,,P1M,,A,,,,,,,,2015 = 100,,,2,4F0,HICP - Overall index,"Euro area (changing composition) - HICP - Overall index, Monthly Index, European Central Bank, Working day and seasonally adjusted",PURE_NUMB,0
ICP.M.U2.Y.000000.3.INX,M,U2,Y,000000,3,INX,2002-07,79.67694,A,F,,,P1M,,A,,,,,,,,2015 = 100,,,2,4F0,HICP - Overall index,"Euro area (changing composition) - HICP - Overall index, Monthly Index, European Central Bank, Working day and seasonally adjusted",PURE_NUMB,0
ICP.M.U2.Y.000000.3.INX,M,U2,Y,000000,3,INX,2002-08,79.80883,A,F,,,P1M,,A,,,,,,,,2015 = 100,,,2,4F0,HICP - Overall index,"Euro area (changing composition) - HICP - Overall index, Monthly Index, European Central Bank, Working day and seasonally adjusted",PURE_NUMB,0
ICP.M.U2.Y.000000.3.INX,M,U2,Y,000000,3,INX,2002-09,79.96927,A,F,,,P1M,,A,,,,,,,,2015 = 100,,,2,4F0,HICP - Overall index,"Euro area (changing composition) - HICP - Overall index, Monthly Index, European Central Bank, Working day and seasonally adjusted",PURE_NUMB,0
ICP.M.U2.Y.000000.3.INX,M,U2,Y,000000,3,INX,2002-10,80.09118,A,F,,,P1M,,A,,,,,,,,2015 = 100,,,2,4F0,HICP - Overall index,"Euro area (changing composition) - HICP - Overall index, Monthly Index, European Central Bank, Working day and seasonally adjusted",PURE_NUMB,0
ICP.M.U2.Y.000000.3.INX,M,U2,Y,000000,3,INX,2002-11,80.10404,A,F,,,P1M,,A,,,,,,,,2015 = 100,,,2,4F0,HICP - Overall index,"Euro area (changing composition) - HICP - Overall index, Monthly Index, European Central Bank, Working day and seasonally adjusted",PURE_NUMB,0
ICP.M.U2.Y.000000.3.INX,M,U2,Y,000000,3,INX,2002-12,80.22761,A,F,,,P1M,,A,,,,,,,,2015 = 100,,,2,4F0,HICP - Overall index,"Euro area (changing composition) - HICP - Overall index, Monthly Index, European Central Bank, Working day and seasonally adjusted",PURE_NUMB,0
ICP.M.U2.Y.000000.3.INX,M,U2,Y,000000,3,INX,2003-01,80.61646,A,F,,,P1M,,A,,,,,,,,2015 = 100,,,2,4F0,HICP - Overall index,"Euro area (changing composition) - HICP - Overall index, Monthly Index, European Central Bank, Working day and seasonally adjusted",PURE_NUMB,0
ICP.M.U2.Y.000000.3.INX,M,U2,Y,000000,3,INX,2003-02,80.86162,A,F,,,P1M,,A,,,,,,,,2015 = 100,,,2,4F0,HICP - Overall index,"Euro area (changing composition) - HICP - Overall index, Monthly Index, European Central Bank, Working day and seasonally adjusted",PURE_NUMB,0
ICP.M.U2.Y.000000.3.INX,M,U2,Y,000000,3,INX,2003-03,81.09308,A,F,,,P1M,,A,,,,,,,,2015 = 100,,,2,4F0,HICP - Overall index,"Euro area (changing composition) - HICP - Overall index, Monthly Index, European Central Bank, Working day and seasonally adjusted",PURE_NUMB,0
ICP.M.U2.Y.000000.3.INX,M,U2,Y,000000,3,INX,2003-04,80.99847,A,F,,,P1M,,A,,,,,,,,2015 = 100,,,2,4F0,HICP - Overall index,"Euro area (changing composition) - HICP - Overall index, Monthly Index, European Central Bank, Working day and seasonally adjusted",PURE_NUMB,0
ICP.M.U2.Y.000000.3.INX,M,U2,Y,000000,3,INX,2003-05,80.95276,A,F,,,P1M,,A,,,,,,,,2015 = 100,,,2,4F0,HICP - Overall index,"Euro area (changing composition) - HICP - Overall index, Monthly Index, European Central Bank, Working day and seasonally adjusted",PURE_NUMB,0
ICP.M.U2.Y.000000.3.INX,M,U2,Y,000000,3,INX,2003-06,81.08407,A,F,,,P1M,,A,,,,,,,,2015 = 100,,,2,4F0,HICP - Overall index,"Euro area (changing composition) - HICP - Overall index, Monthly Index, European Central Bank, Working day and seasonally adjusted",PURE_NUMB,0
ICP.M.U2.Y.000000.3.INX,M,U2,Y,000000,3,INX,2003-07,81.23438,A,F,,,P1M,,A,,,,,,,,2015 = 100,,,2,4F0,HICP - Overall index,"Euro area (changing composition) - HICP - Overall index, Monthly Index, European Central Bank, Working day and seasonally adjusted",PURE_NUMB,0
ICP.M.U2.Y.000000.3.INX,M,U2,Y,000000,3,INX,2003-08,81.41265,A,F,,,P1M,,A,,,,,,,,2015 = 100,,,2,4F0,HICP - Overall index,"Euro area (changing composition) - HICP - Overall index, Monthly Index, European Central Bank, Working day and seasonally adjusted",PURE_NUMB,0
ICP.M.U2.Y.000000.3.INX,M,U2,Y,000000,3,INX,2003-09,81.62602,A,F,,,P1M,,A,,,,,,,,2015 = 100,,,2,4F0,HICP - Overall index,"Euro area (changing composition) - HICP - Overall index, Monthly Index, European Central Bank, Working day and seasonally adjusted",PURE_NUMB,0
ICP.M.U2.Y.000000.3.INX,M,U2,Y,000000,3,INX,2003-10,81.69054,A,F,,,P1M,,A,,,,,,,,2015 = 100,,,2,4F0,HICP - Overall index,"Euro area (changing composition) - HICP - Overall index, Monthly Index, European Central Bank, Working day and seasonally adjusted",PURE_NUMB,0
ICP.M.U2.Y.000000.3.INX,M,U2,Y,000000,3,INX,2003-11,81.77615,A,F,,,P1M,,A,,,,,,,,2015 = 100,,,2,4F0,HICP - Overall index,"Euro area (changing composition) - HICP - Overall index, Monthly Index, European Central Bank, Working day and seasonally adjusted",PURE_NUMB,0
ICP.M.U2.Y.000000.3.INX,M,U2,Y,000000,3,INX,2003-12,81.81235,A,F,,,P1M,,A,,,,,,,,2015 = 100,,,2,4F0,HICP - Overall index,"Euro area (changing composition) - HICP - Overall index, Monthly Index, European Central Bank, Working day and seasonally adjusted",PURE_NUMB,0
ICP.M.U2.Y.000000.3.INX,M,U2,Y,000000,3,INX,2004-01,82.09364,A,F,,,P1M,,A,,,,,,,,2015 = 100,,,2,4F0,HICP - Overall index,"Euro area (changing composition) - HICP - Overall index, Monthly Index, European Central Bank, Working day and seasonally adjusted",PURE_NUMB,0
ICP.M.U2.Y.000000.3.INX,M,U2,Y,000000,3,INX,2004-02,82.21101,A,F,,,P1M,,A,,,,,,,,2015 = 100,,,2,4F0,HICP - Overall index,"Euro area (changing composition) - HICP - Overall index, Monthly Index, European Central Bank, Working day and seasonally adjusted",PURE_NUMB,0
ICP.M.U2.Y.000000.3.INX,M,U2,Y,000000,3,INX,2004-03,82.46331,A,F,,,P1M,,A,,,,,,,,2015 = 100,,,2,4F0,HICP - Overall index,"Euro area (changing composition) - HICP - Overall index, Monthly Index, European Central Bank, Working day and seasonally adjusted",PURE_NUMB,0
ICP.M.U2.Y.000000.3.INX,M,U2,Y,000000,3,INX,2004-04,82.69803,A,F,,,P1M,,A,,,,,,,,2015 = 100,,,2,4F0,HICP - Overall index,"Euro area (changing composition) - HICP - Overall index, Monthly Index, European Central Bank, Working day and seasonally adjusted",PURE_NUMB,0
ICP.M.U2.Y.000000.3.INX,M,U2,Y,000000,3,INX,2004-05,82.92001,A,F,,,P1M,,A,,,,,,,,2015 = 100,,,2,4F0,HICP - Overall index,"Euro area (changing composition) - HICP - Overall index, Monthly Index, European Central Bank, Working day and seasonally adjusted",PURE_NUMB,0
ICP.M.U2.Y.000000.3.INX,M,U2,Y,000000,3,INX,2004-06,83.01742,A,F,,,P1M,,A,,,,,,,,2015 = 100,,,2,4F0,HICP - Overall index,"Euro area (changing composition) - HICP - Overall index, Monthly Index, European Central Bank, Working day and seasonally adjusted",PURE_NUMB,0
ICP.M.U2.Y.000000.3.INX,M,U2,Y,000000,3,INX,2004-07,83.12749,A,F,,,P1M,,A,,,,,,,,2015 = 100,,,2,4F0,HICP - Overall index,"Euro area (changing composition) - HICP - Overall index, Monthly Index, European Central Bank, Working day and seasonally adjusted",PURE_NUMB,0
ICP.M.U2.Y.000000.3.INX,M,U2,Y,000000,3,INX,2004-08,83.31785,A,F,,,P1M,,A,,,,,,,,2015 = 100,,,2,4F0,HICP - Overall index,"Euro area (changing composition) - HICP - Overall index, Monthly Index, European Central Bank, Working day and seasonally adjusted",PURE_NUMB,0
ICP.M.U2.Y.000000.3.INX,M,U2,Y,000000,3,INX,2004-09,83.36168,A,F,,,P1M,,A,,,,,,,,2015 = 100,,,2,4F0,HICP - Overall index,"Euro area (changing composition) - HICP - Overall index, Monthly Index, European Central Bank, Working day and seasonally adjusted",PURE_NUMB,0
ICP.M.U2.Y.000000.3.INX,M,U2,Y,000000,3,INX,2004-10,83.59335,A,F,,,P1M,,A,,,,,,,,2015 = 100,,,2,4F0,HICP - Overall index,"Euro area (changing composition) - HICP - Overall index, Monthly Index, European Central Bank, Working day and seasonally adjusted",PURE_NUMB,0
ICP.M.U2.Y.000000.3.INX,M,U2,Y,000000,3,INX,2004-11,83.59217,A,F,,,P1M,,A,,,,,,,,2015 = 100,,,2,4F0,HICP - Overall index,"Euro area (changing composition) - HICP - Overall index, Monthly Index, European Central Bank, Working day and seasonally adjusted",PURE_NUMB,0
ICP.M.U2.Y.000000.3.INX,M,U2,Y,000000,3,INX,2004-12,83.6859,A,F,,,P1M,,A,,,,,,,,2015 = 100,,,2,4F0,HICP - Overall index,"Euro area (changing composition) - HICP - Overall index, Monthly Index, European Central Bank, Working day and seasonally adjusted",PURE_NUMB,0
ICP.M.U2.Y.000000.3.INX,M,U2,Y,000000,3,INX,2005-01,83.7288,A,F,,,P1M,,A,,,,,,,,2015 = 100,,,2,4F0,HICP - Overall index,"Euro area (changing composition) - HICP - Overall index, Monthly Index, European Central Bank, Working day and seasonally adjusted",PURE_NUMB,0
ICP.M.U2.Y.000000.3.INX,M,U2,Y,000000,3,INX,2005-02,83.92806,A,F,,,P1M,,A,,,,,,,,2015 = 100,,,2,4F0,HICP - Overall index,"Euro area (changing composition) - HICP - Overall index, Monthly Index, European Central Bank, Working day and seasonally adjusted",PURE_NUMB,0
ICP.M.U2.Y.000000.3.INX,M,U2,Y,000000,3,INX,2005-03,84.2182,A,F,,,P1M,,A,,,,,,,,2015 = 100,,,2,4F0,HICP - Overall index,"Euro area (changing composition) - HICP - Overall index, Monthly Index, European Central Bank, Working day and seasonally adjusted",PURE_NUMB,0
ICP.M.U2.Y.000000.3.INX,M,U2,Y,000000,3,INX,2005-04,84.43408,A,F,,,P1M,,A,,,,,,,,2015 = 100,,,2,4F0,HICP - Overall index,"Euro area (changing composition) - HICP - Overall index, Monthly Index, European Central Bank, Working day and seasonally adjusted",PURE_NUMB,0
ICP.M.U2.Y.000000.3.INX,M,U2,Y,000000,3,INX,2005-05,84.50311,A,F,,,P1M,,A,,,,,,,,2015 = 100,,,2,4F0,HICP - Overall index,"Euro area (changing composition) - HICP - Overall index, Monthly Index, European Central Bank, Working day and seasonally adjusted",PURE_NUMB,0
ICP.M.U2.Y.000000.3.INX,M,U2,Y,000000,3,INX,2005-06,84.67182,A,F,,,P1M,,A,,,,,,,,2015 = 100,,,2,4F0,HICP - Overall index,"Euro area (changing composition) - HICP - Overall index, Monthly Index, European Central Bank, Working day and seasonally adjusted",PURE_NUMB,0
ICP.M.U2.Y.000000.3.INX,M,U2,Y,000000,3,INX,2005-07,84.9378,A,F,,,P1M,,A,,,,,,,,2015 = 100,,,2,4F0,HICP - Overall index,"Euro area (changing composition) - HICP - Overall index, Monthly Index, European Central Bank, Working day and seasonally adjusted",PURE_NUMB,0
ICP.M.U2.Y.000000.3.INX,M,U2,Y,000000,3,INX,2005-08,85.16073,A,F,,,P1M,,A,,,,,,,,2015 = 100,,,2,4F0,HICP - Overall index,"Euro area (changing composition) - HICP - Overall index, Monthly Index, European Central Bank, Working day and seasonally adjusted",PURE_NUMB,0
ICP.M.U2.Y.000000.3.INX,M,U2,Y,000000,3,INX,2005-09,85.51163,A,F,,,P1M,,A,,,,,,,,2015 = 100,,,2,4F0,HICP - Overall index,"Euro area (changing composition) - HICP - Overall index, Monthly Index, European Central Bank, Working day and seasonally adjusted",PURE_NUMB,0
ICP.M.U2.Y.000000.3.INX,M,U2,Y,000000,3,INX,2005-10,85.61959,A,F,,,P1M,,A,,,,,,,,2015 = 100,,,2,4F0,HICP - Overall index,"Euro area (changing composition) - HICP - Overall index, Monthly Index, European Central Bank, Working day and seasonally adjusted",PURE_NUMB,0
ICP.M.U2.Y.000000.3.INX,M,U2,Y,000000,3,INX,2005-11,85.46941,A,F,,,P1M,,A,,,,,,,,2015 = 100,,,2,4F0,HICP - Overall index,"Euro area (changing composition) - HICP - Overall index, Monthly Index, European Central Bank, Working day and seasonally adjusted",PURE_NUMB,0
ICP.M.U2.Y.000000.3.INX,M,U2,Y,000000,3,INX,2005-12,85.53783,A,F,,,P1M,,A,,,,,,,,2015 = 100,,,2,4F0,HICP - Overall index,"Euro area (changing composition) - HICP - Overall index, Monthly Index, European Central Bank, Working day and seasonally adjusted",PURE_NUMB,0
ICP.M.U2.Y.000000.3.INX,M,U2,Y,000000,3,INX,2006-01,85.76587,A,F,,,P1M,,A,,,,,,,,2015 = 100,,,2,4F0,HICP - Overall index,"Euro area (changing composition) - HICP - Overall index, Monthly Index, European Central Bank, Working day and seasonally adjusted",PURE_NUMB,0
ICP.M.U2.Y.000000.3.INX,M,U2,Y,000000,3,INX,2006-02,85.91202,A,F,,,P1M,,A,,,,,,,,2015 = 100,,,2,4F0,HICP - Overall index,"Euro area (changing composition) - HICP - Overall index, Monthly Index, European Central Bank, Working day and seasonally adjusted",PURE_NUMB,0
ICP.M.U2.Y.000000.3.INX,M,U2,Y,000000,3,INX,2006-03,86.0576,A,F,,,P1M,,A,,,,,,,,2015 = 100,,,2,4F0,HICP - Overall index,"Euro area (changing composition) - HICP - Overall index, Monthly Index, European Central Bank, Working day and seasonally adjusted",PURE_NUMB,0
ICP.M.U2.Y.000000.3.INX,M,U2,Y,000000,3,INX,2006-04,86.38184,A,F,,,P1M,,A,,,,,,,,2015 = 100,,,2,4F0,HICP - Overall index,"Euro area (changing composition) - HICP - Overall index, Monthly Index, European Central Bank, Working day and seasonally adjusted",PURE_NUMB,0
ICP.M.U2.Y.000000.3.INX,M,U2,Y,000000,3,INX,2006-05,86.61154,A,F,,,P1M,,A,,,,,,,,2015 = 100,,,2,4F0,HICP - Overall index,"Euro area (changing composition) - HICP - Overall index, Monthly Index, European Central Bank, Working day and seasonally adjusted",PURE_NUMB,0
ICP.M.U2.Y.000000.3.INX,M,U2,Y,000000,3,INX,2006-06,86.75471,A,F,,,P1M,,A,,,,,,,,2015 = 100,,,2,4F0,HICP - Overall index,"Euro area (changing composition) - HICP - Overall index, Monthly Index, European Central Bank, Working day and seasonally adjusted",PURE_NUMB,0
ICP.M.U2.Y.000000.3.INX,M,U2,Y,000000,3,INX,2006-07,87.01228,A,F,,,P1M,,A,,,,,,,,2015 = 100,,,2,4F0,HICP - Overall index,"Euro area (changing composition) - HICP - Overall index, Monthly Index, European Central Bank, Working day and seasonally adjusted",PURE_NUMB,0
ICP.M.U2.Y.000000.3.INX,M,U2,Y,000000,3,INX,2006-08,87.12599,A,F,,,P1M,,A,,,,,,,,2015 = 100,,,2,4F0,HICP - Overall index,"Euro area (changing composition) - HICP - Overall index, Monthly Index, European Central Bank, Working day and seasonally adjusted",PURE_NUMB,0
ICP.M.U2.Y.000000.3.INX,M,U2,Y,000000,3,INX,2006-09,87.00821,A,F,,,P1M,,A,,,,,,,,2015 = 100,,,2,4F0,HICP - Overall index,"Euro area (changing composition) - HICP - Overall index, Monthly Index, European Central Bank, Working day and seasonally adjusted",PURE_NUMB,0
ICP.M.U2.Y.000000.3.INX,M,U2,Y,000000,3,INX,2006-10,86.95748,A,F,,Introduction of regulation (EC) No 701/2006 on the temporal coverage of price collection in the HICP in Italy. Collection after October 2006 took place between the 1st and the 21st of the reference month. Until September 2006 the collection period was between the 16th of the previous month and the 15th of the reference month.,P1M,,A,,,,,,,,2015 = 100,,,2,4F0,HICP - Overall index,"Euro area (changing composition) - HICP - Overall index, Monthly Index, European Central Bank, Working day and seasonally adjusted",PURE_NUMB,0
ICP.M.U2.Y.000000.3.INX,M,U2,Y,000000,3,INX,2006-11,87.05359,A,F,,,P1M,,A,,,,,,,,2015 = 100,,,2,4F0,HICP - Overall index,"Euro area (changing composition) - HICP - Overall index, Monthly Index, European Central Bank, Working day and seasonally adjusted",PURE_NUMB,0
ICP.M.U2.Y.000000.3.INX,M,U2,Y,000000,3,INX,2006-12,87.15442,A,F,,,P1M,,A,,,,,,,,2015 = 100,,,2,4F0,HICP - Overall index,"Euro area (changing composition) - HICP - Overall index, Monthly Index, European Central Bank, Working day and seasonally adjusted",PURE_NUMB,0
ICP.M.U2.Y.000000.3.INX,M,U2,Y,000000,3,INX,2007-01,87.37685,A,F,,,P1M,,A,,,,,,,,2015 = 100,,,2,4F0,HICP - Overall index,"Euro area (changing composition) - HICP - Overall index, Monthly Index, European Central Bank, Working day and seasonally adjusted",PURE_NUMB,0
ICP.M.U2.Y.000000.3.INX,M,U2,Y,000000,3,INX,2007-02,87.51525,A,F,,,P1M,,A,,,,,,,,2015 = 100,,,2,4F0,HICP - Overall index,"Euro area (changing composition) - HICP - Overall index, Monthly Index, European Central Bank, Working day and seasonally adjusted",PURE_NUMB,0
ICP.M.U2.Y.000000.3.INX,M,U2,Y,000000,3,INX,2007-03,87.69683,A,F,,,P1M,,A,,,,,,,,2015 = 100,,,2,4F0,HICP - Overall index,"Euro area (changing composition) - HICP - Overall index, Monthly Index, European Central Bank, Working day and seasonally adjusted",PURE_NUMB,0
ICP.M.U2.Y.000000.3.INX,M,U2,Y,000000,3,INX,2007-04,88.08336,A,F,,,P1M,,A,,,,,,,,2015 = 100,,,2,4F0,HICP - Overall index,"Euro area (changing composition) - HICP - Overall index, Monthly Index, European Central Bank, Working day and seasonally adjusted",PURE_NUMB,0
ICP.M.U2.Y.000000.3.INX,M,U2,Y,000000,3,INX,2007-05,88.26739,A,F,,,P1M,,A,,,,,,,,2015 = 100,,,2,4F0,HICP - Overall index,"Euro area (changing composition) - HICP - Overall index, Monthly Index, European Central Bank, Working day and seasonally adjusted",PURE_NUMB,0
ICP.M.U2.Y.000000.3.INX,M,U2,Y,000000,3,INX,2007-06,88.40038,A,F,,,P1M,,A,,,,,,,,2015 = 100,,,2,4F0,HICP - Overall index,"Euro area (changing composition) - HICP - Overall index, Monthly Index, European Central Bank, Working day and seasonally adjusted",PURE_NUMB,0
ICP.M.U2.Y.000000.3.INX,M,U2,Y,000000,3,INX,2007-07,88.58318,A,F,,,P1M,,A,,,,,,,,2015 = 100,,,2,4F0,HICP - Overall index,"Euro area (changing composition) - HICP - Overall index, Monthly Index, European Central Bank, Working day and seasonally adjusted",PURE_NUMB,0
ICP.M.U2.Y.000000.3.INX,M,U2,Y,000000,3,INX,2007-08,88.65962,A,F,,,P1M,,A,,,,,,,,2015 = 100,,,2,4F0,HICP - Overall index,"Euro area (changing composition) - HICP - Overall index, Monthly Index, European Central Bank, Working day and seasonally adjusted",PURE_NUMB,0
ICP.M.U2.Y.000000.3.INX,M,U2,Y,000000,3,INX,2007-09,88.85625,A,F,,,P1M,,A,,,,,,,,2015 = 100,,,2,4F0,HICP - Overall index,"Euro area (changing composition) - HICP - Overall index, Monthly Index, European Central Bank, Working day and seasonally adjusted",PURE_NUMB,0
ICP.M.U2.Y.000000.3.INX,M,U2,Y,000000,3,INX,2007-10,89.15409,A,F,,,P1M,,A,,,,,,,,2015 = 100,,,2,4F0,HICP - Overall index,"Euro area (changing composition) - HICP - Overall index, Monthly Index, European Central Bank, Working day and seasonally adjusted",PURE_NUMB,0
ICP.M.U2.Y.000000.3.INX,M,U2,Y,000000,3,INX,2007-11,89.6962,A,F,,,P1M,,A,,,,,,,,2015 = 100,,,2,4F0,HICP - Overall index,"Euro area (changing composition) - HICP - Overall index, Monthly Index, European Central Bank, Working day and seasonally adjusted",PURE_NUMB,0
ICP.M.U2.Y.000000.3.INX,M,U2,Y,000000,3,INX,2007-12,89.82326,A,F,,,P1M,,A,,,,,,,,2015 = 100,,,2,4F0,HICP - Overall index,"Euro area (changing composition) - HICP - Overall index, Monthly Index, European Central Bank, Working day and seasonally adjusted",PURE_NUMB,0
ICP.M.U2.Y.000000.3.INX,M,U2,Y,000000,3,INX,2008-01,90.21828,A,F,,"Introduction of methodological changes to the German HICP including - new basket, updated of volume structure of the weights, introduction of explicit weights for outlets and implementation of regulation (EC) No 701/2006 on the temporal coverage of price collection in the HICP",P1M,,A,,,,,,,,2015 = 100,,,2,4F0,HICP - Overall index,"Euro area (changing composition) - HICP - Overall index, Monthly Index, European Central Bank, Working day and seasonally adjusted",PURE_NUMB,0
ICP.M.U2.Y.000000.3.INX,M,U2,Y,000000,3,INX,2008-02,90.34207,A,F,,,P1M,,A,,,,,,,,2015 = 100,,,2,4F0,HICP - Overall index,"Euro area (changing composition) - HICP - Overall index, Monthly Index, European Central Bank, Working day and seasonally adjusted",PURE_NUMB,0
ICP.M.U2.Y.000000.3.INX,M,U2,Y,000000,3,INX,2008-03,90.76559,A,F,,,P1M,,A,,,,,,,,2015 = 100,,,2,4F0,HICP - Overall index,"Euro area (changing composition) - HICP - Overall index, Monthly Index, European Central Bank, Working day and seasonally adjusted",PURE_NUMB,0
ICP.M.U2.Y.000000.3.INX,M,U2,Y,000000,3,INX,2008-04,90.96706,A,F,,,P1M,,A,,,,,,,,2015 = 100,,,2,4F0,HICP - Overall index,"Euro area (changing composition) - HICP - Overall index, Monthly Index, European Central Bank, Working day and seasonally adjusted",PURE_NUMB,0
ICP.M.U2.Y.000000.3.INX,M,U2,Y,000000,3,INX,2008-05,91.49084,A,F,,,P1M,,A,,,,,,,,2015 = 100,,,2,4F0,HICP - Overall index,"Euro area (changing composition) - HICP - Overall index, Monthly Index, European Central Bank, Working day and seasonally adjusted",PURE_NUMB,0
ICP.M.U2.Y.000000.3.INX,M,U2,Y,000000,3,INX,2008-06,91.91003,A,F,,,P1M,,A,,,,,,,,2015 = 100,,,2,4F0,HICP - Overall index,"Euro area (changing composition) - HICP - Overall index, Monthly Index, European Central Bank, Working day and seasonally adjusted",PURE_NUMB,0
ICP.M.U2.Y.000000.3.INX,M,U2,Y,000000,3,INX,2008-07,92.18518,A,F,,,P1M,,A,,,,,,,,2015 = 100,,,2,4F0,HICP - Overall index,"Euro area (changing composition) - HICP - Overall index, Monthly Index, European Central Bank, Working day and seasonally adjusted",PURE_NUMB,0
ICP.M.U2.Y.000000.3.INX,M,U2,Y,000000,3,INX,2008-08,92.01321,A,F,,,P1M,,A,,,,,,,,2015 = 100,,,2,4F0,HICP - Overall index,"Euro area (changing composition) - HICP - Overall index, Monthly Index, European Central Bank, Working day and seasonally adjusted",PURE_NUMB,0
ICP.M.U2.Y.000000.3.INX,M,U2,Y,000000,3,INX,2008-09,92.08927,A,F,,,P1M,,A,,,,,,,,2015 = 100,,,2,4F0,HICP - Overall index,"Euro area (changing composition) - HICP - Overall index, Monthly Index, European Central Bank, Working day and seasonally adjusted",PURE_NUMB,0
ICP.M.U2.Y.000000.3.INX,M,U2,Y,000000,3,INX,2008-10,91.9605,A,F,,,P1M,,A,,,,,,,,2015 = 100,,,2,4F0,HICP - Overall index,"Euro area (changing composition) - HICP - Overall index, Monthly Index, European Central Bank, Working day and seasonally adjusted",PURE_NUMB,0
ICP.M.U2.Y.000000.3.INX,M,U2,Y,000000,3,INX,2008-11,91.58548,A,F,,,P1M,,A,,,,,,,,2015 = 100,,,2,4F0,HICP - Overall index,"Euro area (changing composition) - HICP - Overall index, Monthly Index, European Central Bank, Working day and seasonally adjusted",PURE_NUMB,0
ICP.M.U2.Y.000000.3.INX,M,U2,Y,000000,3,INX,2008-12,91.2313,A,F,,,P1M,,A,,,,,,,,2015 = 100,,,2,4F0,HICP - Overall index,"Euro area (changing composition) - HICP - Overall index, Monthly Index, European Central Bank, Working day and seasonally adjusted",PURE_NUMB,0
ICP.M.U2.Y.000000.3.INX,M,U2,Y,000000,3,INX,2009-01,91.28127,A,F,,,P1M,,A,,,,,,,,2015 = 100,,,2,4F0,HICP - Overall index,"Euro area (changing composition) - HICP - Overall index, Monthly Index, European Central Bank, Working day and seasonally adjusted",PURE_NUMB,0
ICP.M.U2.Y.000000.3.INX,M,U2,Y,000000,3,INX,2009-02,91.42521,A,F,,,P1M,,A,,,,,,,,2015 = 100,,,2,4F0,HICP - Overall index,"Euro area (changing composition) - HICP - Overall index, Monthly Index, European Central Bank, Working day and seasonally adjusted",PURE_NUMB,0
ICP.M.U2.Y.000000.3.INX,M,U2,Y,000000,3,INX,2009-03,91.32342,A,F,,,P1M,,A,,,,,,,,2015 = 100,,,2,4F0,HICP - Overall index,"Euro area (changing composition) - HICP - Overall index, Monthly Index, European Central Bank, Working day and seasonally adjusted",PURE_NUMB,0
ICP.M.U2.Y.000000.3.INX,M,U2,Y,000000,3,INX,2009-04,91.45819,A,F,,,P1M,,A,,,,,,,,2015 = 100,,,2,4F0,HICP - Overall index,"Euro area (changing composition) - HICP - Overall index, Monthly Index, European Central Bank, Working day and seasonally adjusted",PURE_NUMB,0
ICP.M.U2.Y.000000.3.INX,M,U2,Y,000000,3,INX,2009-05,91.5219,A,F,,,P1M,,A,,,,,,,,2015 = 100,,,2,4F0,HICP - Overall index,"Euro area (changing composition) - HICP - Overall index, Monthly Index, European Central Bank, Working day and seasonally adjusted",PURE_NUMB,0
ICP.M.U2.Y.000000.3.INX,M,U2,Y,000000,3,INX,2009-06,91.77393,A,F,,,P1M,,A,,,,,,,,2015 = 100,,,2,4F0,HICP - Overall index,"Euro area (changing composition) - HICP - Overall index, Monthly Index, European Central Bank, Working day and seasonally adjusted",PURE_NUMB,0
ICP.M.U2.Y.000000.3.INX,M,U2,Y,000000,3,INX,2009-07,91.61457,A,F,,,P1M,,A,,,,,,,,2015 = 100,,,2,4F0,HICP - Overall index,"Euro area (changing composition) - HICP - Overall index, Monthly Index, European Central Bank, Working day and seasonally adjusted",PURE_NUMB,0
ICP.M.U2.Y.000000.3.INX,M,U2,Y,000000,3,INX,2009-08,91.85038,A,F,,,P1M,,A,,,,,,,,2015 = 100,,,2,4F0,HICP - Overall index,"Euro area (changing composition) - HICP - Overall index, Monthly Index, European Central Bank, Working day and seasonally adjusted",PURE_NUMB,0
ICP.M.U2.Y.000000.3.INX,M,U2,Y,000000,3,INX,2009-09,91.79022,A,F,,,P1M,,A,,,,,,,,2015 = 100,,,2,4F0,HICP - Overall index,"Euro area (changing composition) - HICP - Overall index, Monthly Index, European Central Bank, Working day and seasonally adjusted",PURE_NUMB,0
ICP.M.U2.Y.000000.3.INX,M,U2,Y,000000,3,INX,2009-10,91.80547,A,F,,,P1M,,A,,,,,,,,2015 = 100,,,2,4F0,HICP - Overall index,"Euro area (changing composition) - HICP - Overall index, Monthly Index, European Central Bank, Working day and seasonally adjusted",PURE_NUMB,0
ICP.M.U2.Y.000000.3.INX,M,U2,Y,000000,3,INX,2009-11,92.00445,A,F,,,P1M,,A,,,,,,,,2015 = 100,,,2,4F0,HICP - Overall index,"Euro area (changing composition) - HICP - Overall index, Monthly Index, European Central Bank, Working day and seasonally adjusted",PURE_NUMB,0
ICP.M.U2.Y.000000.3.INX,M,U2,Y,000000,3,INX,2009-12,92.0379,A,F,,,P1M,,A,,,,,,,,2015 = 100,,,2,4F0,HICP - Overall index,"Euro area (changing composition) - HICP - Overall index, Monthly Index, European Central Bank, Working day and seasonally adjusted",PURE_NUMB,0
ICP.M.U2.Y.000000.3.INX,M,U2,Y,000000,3,INX,2010-01,92.30439,A,F,,Implementation of HICP Regulation No. 33/2009 on the treatment of seasonal products in the Spanish HICP. Also reallocation of rented holiday apartments from COICOP accomodation services (11.2.0) to actual rentals (04.1.1) in the Spanish HICP.  These changes have a distorting impact on the annual rates of change in 2010.  See Box 3 in the April 2011 ECB Monthly Bulletin for details.,P1M,,A,,,,,,,,2015 = 100,,,2,4F0,HICP - Overall index,"Euro area (changing composition) - HICP - Overall index, Monthly Index, European Central Bank, Working day and seasonally adjusted",PURE_NUMB,0
ICP.M.U2.Y.000000.3.INX,M,U2,Y,000000,3,INX,2010-02,92.33762,A,F,,,P1M,,A,,,,,,,,2015 = 100,,,2,4F0,HICP - Overall index,"Euro area (changing composition) - HICP - Overall index, Monthly Index, European Central Bank, Working day and seasonally adjusted",PURE_NUMB,0
ICP.M.U2.Y.000000.3.INX,M,U2,Y,000000,3,INX,2010-03,92.64949,A,F,,,P1M,,A,,,,,,,,2015 = 100,,,2,4F0,HICP - Overall index,"Euro area (changing composition) - HICP - Overall index, Monthly Index, European Central Bank, Working day and seasonally adjusted",PURE_NUMB,0
ICP.M.U2.Y.000000.3.INX,M,U2,Y,000000,3,INX,2010-04,92.96386,A,F,,,P1M,,A,,,,,,,,2015 = 100,,,2,4F0,HICP - Overall index,"Euro area (changing composition) - HICP - Overall index, Monthly Index, European Central Bank, Working day and seasonally adjusted",PURE_NUMB,0
ICP.M.U2.Y.000000.3.INX,M,U2,Y,000000,3,INX,2010-05,93.01907,A,F,,,P1M,,A,,,,,,,,2015 = 100,,,2,4F0,HICP - Overall index,"Euro area (changing composition) - HICP - Overall index, Monthly Index, European Central Bank, Working day and seasonally adjusted",PURE_NUMB,0
ICP.M.U2.Y.000000.3.INX,M,U2,Y,000000,3,INX,2010-06,93.08652,A,F,,,P1M,,A,,,,,,,,2015 = 100,,,2,4F0,HICP - Overall index,"Euro area (changing composition) - HICP - Overall index, Monthly Index, European Central Bank, Working day and seasonally adjusted",PURE_NUMB,0
ICP.M.U2.Y.000000.3.INX,M,U2,Y,000000,3,INX,2010-07,93.22339,A,F,,,P1M,,A,,,,,,,,2015 = 100,,,2,4F0,HICP - Overall index,"Euro area (changing composition) - HICP - Overall index, Monthly Index, European Central Bank, Working day and seasonally adjusted",PURE_NUMB,0
ICP.M.U2.Y.000000.3.INX,M,U2,Y,000000,3,INX,2010-08,93.30778,A,F,,,P1M,,A,,,,,,,,2015 = 100,,,2,4F0,HICP - Overall index,"Euro area (changing composition) - HICP - Overall index, Monthly Index, European Central Bank, Working day and seasonally adjusted",PURE_NUMB,0
ICP.M.U2.Y.000000.3.INX,M,U2,Y,000000,3,INX,2010-09,93.40934,A,F,,,P1M,,A,,,,,,,,2015 = 100,,,2,4F0,HICP - Overall index,"Euro area (changing composition) - HICP - Overall index, Monthly Index, European Central Bank, Working day and seasonally adjusted",PURE_NUMB,0
ICP.M.U2.Y.000000.3.INX,M,U2,Y,000000,3,INX,2010-10,93.57193,A,F,,,P1M,,A,,,,,,,,2015 = 100,,,2,4F0,HICP - Overall index,"Euro area (changing composition) - HICP - Overall index, Monthly Index, European Central Bank, Working day and seasonally adjusted",PURE_NUMB,0
ICP.M.U2.Y.000000.3.INX,M,U2,Y,000000,3,INX,2010-11,93.75767,A,F,,,P1M,,A,,,,,,,,2015 = 100,,,2,4F0,HICP - Overall index,"Euro area (changing composition) - HICP - Overall index, Monthly Index, European Central Bank, Working day and seasonally adjusted",PURE_NUMB,0
ICP.M.U2.Y.000000.3.INX,M,U2,Y,000000,3,INX,2010-12,94.06633,A,F,,,P1M,,A,,,,,,,,2015 = 100,,,2,4F0,HICP - Overall index,"Euro area (changing composition) - HICP - Overall index, Monthly Index, European Central Bank, Working day and seasonally adjusted",PURE_NUMB,0
ICP.M.U2.Y.000000.3.INX,M,U2,Y,000000,3,INX,2011-01,94.53925,A,F,,"Implementation of HICP Regulation No. 33/2009 on the treatment of seasonal products in the HICPs of DE, EE, GR, FR, IT, CY, LU, MT, PT, SI, SK. The Regulation had particularly large impacts on clothing and footwear and to a lesser extent fruit and vegetables. In addition, NL implemented a new methodology for package holidays and air transport. These changes have a distorting impact on the annual rates of change in 2011.  See Box 3 in the April 2011 ECB Monthly Bulletin for details.",P1M,,A,,,,,,,,2015 = 100,,,2,4F0,HICP - Overall index,"Euro area (changing composition) - HICP - Overall index, Monthly Index, European Central Bank, Working day and seasonally adjusted",PURE_NUMB,0
ICP.M.U2.Y.000000.3.INX,M,U2,Y,000000,3,INX,2011-02,94.74724,A,F,,,P1M,,A,,,,,,,,2015 = 100,,,2,4F0,HICP - Overall index,"Euro area (changing composition) - HICP - Overall index, Monthly Index, European Central Bank, Working day and seasonally adjusted",PURE_NUMB,0
ICP.M.U2.Y.000000.3.INX,M,U2,Y,000000,3,INX,2011-03,95.08765,A,F,,,P1M,,A,,,,,,,,2015 = 100,,,2,4F0,HICP - Overall index,"Euro area (changing composition) - HICP - Overall index, Monthly Index, European Central Bank, Working day and seasonally adjusted",PURE_NUMB,0
ICP.M.U2.Y.000000.3.INX,M,U2,Y,000000,3,INX,2011-04,95.42778,A,F,,,P1M,,A,,,,,,,,2015 = 100,,,2,4F0,HICP - Overall index,"Euro area (changing composition) - HICP - Overall index, Monthly Index, European Central Bank, Working day and seasonally adjusted",PURE_NUMB,0
ICP.M.U2.Y.000000.3.INX,M,U2,Y,000000,3,INX,2011-05,95.48603,A,F,,,P1M,,A,,,,,,,,2015 = 100,,,2,4F0,HICP - Overall index,"Euro area (changing composition) - HICP - Overall index, Monthly Index, European Central Bank, Working day and seasonally adjusted",PURE_NUMB,0
ICP.M.U2.Y.000000.3.INX,M,U2,Y,000000,3,INX,2011-06,95.50075,A,F,,,P1M,,A,,,,,,,,2015 = 100,,,2,4F0,HICP - Overall index,"Euro area (changing composition) - HICP - Overall index, Monthly Index, European Central Bank, Working day and seasonally adjusted",PURE_NUMB,0
ICP.M.U2.Y.000000.3.INX,M,U2,Y,000000,3,INX,2011-07,95.72618,A,F,,,P1M,,A,,,,,,,,2015 = 100,,,2,4F0,HICP - Overall index,"Euro area (changing composition) - HICP - Overall index, Monthly Index, European Central Bank, Working day and seasonally adjusted",PURE_NUMB,0
ICP.M.U2.Y.000000.3.INX,M,U2,Y,000000,3,INX,2011-08,95.87638,A,F,,,P1M,,A,,,,,,,,2015 = 100,,,2,4F0,HICP - Overall index,"Euro area (changing composition) - HICP - Overall index, Monthly Index, European Central Bank, Working day and seasonally adjusted",PURE_NUMB,0
ICP.M.U2.Y.000000.3.INX,M,U2,Y,000000,3,INX,2011-09,96.09308,A,F,,Implementation of HICP Regulation No. 33/2009 on the treatment of seasonal products in the Austrian HICP.  See Box 3 in the April 2011 ECB Monthly Bulletin for details.,P1M,,A,,,,,,,,2015 = 100,,,2,4F0,HICP - Overall index,"Euro area (changing composition) - HICP - Overall index, Monthly Index, European Central Bank, Working day and seasonally adjusted",PURE_NUMB,0
ICP.M.U2.Y.000000.3.INX,M,U2,Y,000000,3,INX,2011-10,96.33583,A,F,,,P1M,,A,,,,,,,,2015 = 100,,,2,4F0,HICP - Overall index,"Euro area (changing composition) - HICP - Overall index, Monthly Index, European Central Bank, Working day and seasonally adjusted",PURE_NUMB,0
ICP.M.U2.Y.000000.3.INX,M,U2,Y,000000,3,INX,2011-11,96.54336,A,F,,,P1M,,A,,,,,,,,2015 = 100,,,2,4F0,HICP - Overall index,"Euro area (changing composition) - HICP - Overall index, Monthly Index, European Central Bank, Working day and seasonally adjusted",PURE_NUMB,0
ICP.M.U2.Y.000000.3.INX,M,U2,Y,000000,3,INX,2011-12,96.63356,A,F,,,P1M,,A,,,,,,,,2015 = 100,,,2,4F0,HICP - Overall index,"Euro area (changing composition) - HICP - Overall index, Monthly Index, European Central Bank, Working day and seasonally adjusted",PURE_NUMB,0
ICP.M.U2.Y.000000.3.INX,M,U2,Y,000000,3,INX,2012-01,97.06263,A,F,,"Implementation of HICP Regulation No. 114/2010 on the quality of HICP weights in the HICPs of DE, IE, CY, LU, MT, AT, FI.  See Box 3 in the April 2012 ECB Monthly Bulletin for details.",P1M,,A,,,,,,,,2015 = 100,,,2,4F0,HICP - Overall index,"Euro area (changing composition) - HICP - Overall index, Monthly Index, European Central Bank, Working day and seasonally adjusted",PURE_NUMB,0
ICP.M.U2.Y.000000.3.INX,M,U2,Y,000000,3,INX,2012-02,97.34732,A,F,,,P1M,,A,,,,,,,,2015 = 100,,,2,4F0,HICP - Overall index,"Euro area (changing composition) - HICP - Overall index, Monthly Index, European Central Bank, Working day and seasonally adjusted",PURE_NUMB,0
ICP.M.U2.Y.000000.3.INX,M,U2,Y,000000,3,INX,2012-03,97.65849,A,F,,,P1M,,A,,,,,,,,2015 = 100,,,2,4F0,HICP - Overall index,"Euro area (changing composition) - HICP - Overall index, Monthly Index, European Central Bank, Working day and seasonally adjusted",PURE_NUMB,0
ICP.M.U2.Y.000000.3.INX,M,U2,Y,000000,3,INX,2012-04,97.90879,A,F,,,P1M,,A,,,,,,,,2015 = 100,,,2,4F0,HICP - Overall index,"Euro area (changing composition) - HICP - Overall index, Monthly Index, European Central Bank, Working day and seasonally adjusted",PURE_NUMB,0
ICP.M.U2.Y.000000.3.INX,M,U2,Y,000000,3,INX,2012-05,97.8107,A,F,,,P1M,,A,,,,,,,,2015 = 100,,,2,4F0,HICP - Overall index,"Euro area (changing composition) - HICP - Overall index, Monthly Index, European Central Bank, Working day and seasonally adjusted",PURE_NUMB,0
ICP.M.U2.Y.000000.3.INX,M,U2,Y,000000,3,INX,2012-06,97.79811,A,F,,,P1M,,A,,,,,,,,2015 = 100,,,2,4F0,HICP - Overall index,"Euro area (changing composition) - HICP - Overall index, Monthly Index, European Central Bank, Working day and seasonally adjusted",PURE_NUMB,0
ICP.M.U2.Y.000000.3.INX,M,U2,Y,000000,3,INX,2012-07,97.9997,A,F,,,P1M,,A,,,,,,,,2015 = 100,,,2,4F0,HICP - Overall index,"Euro area (changing composition) - HICP - Overall index, Monthly Index, European Central Bank, Working day and seasonally adjusted",PURE_NUMB,0
ICP.M.U2.Y.000000.3.INX,M,U2,Y,000000,3,INX,2012-08,98.33616,A,F,,,P1M,,A,,,,,,,,2015 = 100,,,2,4F0,HICP - Overall index,"Euro area (changing composition) - HICP - Overall index, Monthly Index, European Central Bank, Working day and seasonally adjusted",PURE_NUMB,0
ICP.M.U2.Y.000000.3.INX,M,U2,Y,000000,3,INX,2012-09,98.60709,A,F,,,P1M,,A,,,,,,,,2015 = 100,,,2,4F0,HICP - Overall index,"Euro area (changing composition) - HICP - Overall index, Monthly Index, European Central Bank, Working day and seasonally adjusted",PURE_NUMB,0
ICP.M.U2.Y.000000.3.INX,M,U2,Y,000000,3,INX,2012-10,98.75411,A,F,,,P1M,,A,,,,,,,,2015 = 100,,,2,4F0,HICP - Overall index,"Euro area (changing composition) - HICP - Overall index, Monthly Index, European Central Bank, Working day and seasonally adjusted",PURE_NUMB,0
ICP.M.U2.Y.000000.3.INX,M,U2,Y,000000,3,INX,2012-11,98.67991,A,F,,,P1M,,A,,,,,,,,2015 = 100,,,2,4F0,HICP - Overall index,"Euro area (changing composition) - HICP - Overall index, Monthly Index, European Central Bank, Working day and seasonally adjusted",PURE_NUMB,0
ICP.M.U2.Y.000000.3.INX,M,U2,Y,000000,3,INX,2012-12,98.7753,A,F,,,P1M,,A,,,,,,,,2015 = 100,,,2,4F0,HICP - Overall index,"Euro area (changing composition) - HICP - Overall index, Monthly Index, European Central Bank, Working day and seasonally adjusted",PURE_NUMB,0
ICP.M.U2.Y.000000.3.INX,M,U2,Y,000000,3,INX,2013-01,98.99936,A,F,,,P1M,,A,,,,,,,,2015 = 100,,,2,4F0,HICP - Overall index,"Euro area (changing composition) - HICP - Overall index, Monthly Index, European Central Bank, Working day and seasonally adjusted",PURE_NUMB,0
ICP.M.U2.Y.000000.3.INX,M,U2,Y,000000,3,INX,2013-02,99.13546,A,F,,,P1M,,A,,,,,,,,2015 = 100,,,2,4F0,HICP - Overall index,"Euro area (changing composition) - HICP - Overall index, Monthly Index, European Central Bank, Working day and seasonally adjusted",PURE_NUMB,0
ICP.M.U2.Y.000000.3.INX,M,U2,Y,000000,3,INX,2013-03,99.27597,A,F,,,P1M,,A,,,,,,,,2015 = 100,,,2,4F0,HICP - Overall index,"Euro area (changing composition) - HICP - Overall index, Monthly Index, European Central Bank, Working day and seasonally adjusted",PURE_NUMB,0
ICP.M.U2.Y.000000.3.INX,M,U2,Y,000000,3,INX,2013-04,99.18184,A,F,,,P1M,,A,,,,,,,,2015 = 100,,,2,4F0,HICP - Overall index,"Euro area (changing composition) - HICP - Overall index, Monthly Index, European Central Bank, Working day and seasonally adjusted",PURE_NUMB,0
ICP.M.U2.Y.000000.3.INX,M,U2,Y,000000,3,INX,2013-05,99.2216,A,F,,,P1M,,A,,,,,,,,2015 = 100,,,2,4F0,HICP - Overall index,"Euro area (changing composition) - HICP - Overall index, Monthly Index, European Central Bank, Working day and seasonally adjusted",PURE_NUMB,0
ICP.M.U2.Y.000000.3.INX,M,U2,Y,000000,3,INX,2013-06,99.36033,A,F,,,P1M,,A,,,,,,,,2015 = 100,,,2,4F0,HICP - Overall index,"Euro area (changing composition) - HICP - Overall index, Monthly Index, European Central Bank, Working day and seasonally adjusted",PURE_NUMB,0
ICP.M.U2.Y.000000.3.INX,M,U2,Y,000000,3,INX,2013-07,99.51807,A,F,,,P1M,,A,,,,,,,,2015 = 100,,,2,4F0,HICP - Overall index,"Euro area (changing composition) - HICP - Overall index, Monthly Index, European Central Bank, Working day and seasonally adjusted",PURE_NUMB,0
ICP.M.U2.Y.000000.3.INX,M,U2,Y,000000,3,INX,2013-08,99.58327,A,F,,,P1M,,A,,,,,,,,2015 = 100,,,2,4F0,HICP - Overall index,"Euro area (changing composition) - HICP - Overall index, Monthly Index, European Central Bank, Working day and seasonally adjusted",PURE_NUMB,0
ICP.M.U2.Y.000000.3.INX,M,U2,Y,000000,3,INX,2013-09,99.65681,A,F,,,P1M,,A,,,,,,,,2015 = 100,,,2,4F0,HICP - Overall index,"Euro area (changing composition) - HICP - Overall index, Monthly Index, European Central Bank, Working day and seasonally adjusted",PURE_NUMB,0
ICP.M.U2.Y.000000.3.INX,M,U2,Y,000000,3,INX,2013-10,99.48079,A,F,,,P1M,,A,,,,,,,,2015 = 100,,,2,4F0,HICP - Overall index,"Euro area (changing composition) - HICP - Overall index, Monthly Index, European Central Bank, Working day and seasonally adjusted",PURE_NUMB,0
ICP.M.U2.Y.000000.3.INX,M,U2,Y,000000,3,INX,2013-11,99.4934,A,F,,,P1M,,A,,,,,,,,2015 = 100,,,2,4F0,HICP - Overall index,"Euro area (changing composition) - HICP - Overall index, Monthly Index, European Central Bank, Working day and seasonally adjusted",PURE_NUMB,0
ICP.M.U2.Y.000000.3.INX,M,U2,Y,000000,3,INX,2013-12,99.68423,A,F,,,P1M,,A,,,,,,,,2015 = 100,,,2,4F0,HICP - Overall index,"Euro area (changing composition) - HICP - Overall index, Monthly Index, European Central Bank, Working day and seasonally adjusted",PURE_NUMB,0
ICP.M.U2.Y.000000.3.INX,M,U2,Y,000000,3,INX,2014-01,99.76671,A,F,,,P1M,,A,,,,,,,,2015 = 100,,,2,4F0,HICP - Overall index,"Euro area (changing composition) - HICP - Overall index, Monthly Index, European Central Bank, Working day and seasonally adjusted",PURE_NUMB,0
ICP.M.U2.Y.000000.3.INX,M,U2,Y,000000,3,INX,2014-02,99.83605,A,F,,,P1M,,A,,,,,,,,2015 = 100,,,2,4F0,HICP - Overall index,"Euro area (changing composition) - HICP - Overall index, Monthly Index, European Central Bank, Working day and seasonally adjusted",PURE_NUMB,0
ICP.M.U2.Y.000000.3.INX,M,U2,Y,000000,3,INX,2014-03,99.81106,A,F,,,P1M,,A,,,,,,,,2015 = 100,,,2,4F0,HICP - Overall index,"Euro area (changing composition) - HICP - Overall index, Monthly Index, European Central Bank, Working day and seasonally adjusted",PURE_NUMB,0
ICP.M.U2.Y.000000.3.INX,M,U2,Y,000000,3,INX,2014-04,99.83619,A,F,,,P1M,,A,,,,,,,,2015 = 100,,,2,4F0,HICP - Overall index,"Euro area (changing composition) - HICP - Overall index, Monthly Index, European Central Bank, Working day and seasonally adjusted",PURE_NUMB,0
ICP.M.U2.Y.000000.3.INX,M,U2,Y,000000,3,INX,2014-05,99.74839,A,F,,,P1M,,A,,,,,,,,2015 = 100,,,2,4F0,HICP - Overall index,"Euro area (changing composition) - HICP - Overall index, Monthly Index, European Central Bank, Working day and seasonally adjusted",PURE_NUMB,0
ICP.M.U2.Y.000000.3.INX,M,U2,Y,000000,3,INX,2014-06,99.83091,A,F,,,P1M,,A,,,,,,,,2015 = 100,,,2,4F0,HICP - Overall index,"Euro area (changing composition) - HICP - Overall index, Monthly Index, European Central Bank, Working day and seasonally adjusted",PURE_NUMB,0
ICP.M.U2.Y.000000.3.INX,M,U2,Y,000000,3,INX,2014-07,99.83823,A,F,,,P1M,,A,,,,,,,,2015 = 100,,,2,4F0,HICP - Overall index,"Euro area (changing composition) - HICP - Overall index, Monthly Index, European Central Bank, Working day and seasonally adjusted",PURE_NUMB,0
ICP.M.U2.Y.000000.3.INX,M,U2,Y,000000,3,INX,2014-08,99.87425,A,F,,,P1M,,A,,,,,,,,2015 = 100,,,2,4F0,HICP - Overall index,"Euro area (changing composition) - HICP - Overall index, Monthly Index, European Central Bank, Working day and seasonally adjusted",PURE_NUMB,0
ICP.M.U2.Y.000000.3.INX,M,U2,Y,000000,3,INX,2014-09,99.98455,A,F,,,P1M,,A,,,,,,,,2015 = 100,,,2,4F0,HICP - Overall index,"Euro area (changing composition) - HICP - Overall index, Monthly Index, European Central Bank, Working day and seasonally adjusted",PURE_NUMB,0
ICP.M.U2.Y.000000.3.INX,M,U2,Y,000000,3,INX,2014-10,99.87048,A,F,,,P1M,,A,,,,,,,,2015 = 100,,,2,4F0,HICP - Overall index,"Euro area (changing composition) - HICP - Overall index, Monthly Index, European Central Bank, Working day and seasonally adjusted",PURE_NUMB,0
ICP.M.U2.Y.000000.3.INX,M,U2,Y,000000,3,INX,2014-11,99.80419,A,F,,,P1M,,A,,,,,,,,2015 = 100,,,2,4F0,HICP - Overall index,"Euro area (changing composition) - HICP - Overall index, Monthly Index, European Central Bank, Working day and seasonally adjusted",PURE_NUMB,0
ICP.M.U2.Y.000000.3.INX,M,U2,Y,000000,3,INX,2014-12,99.51962,A,F,,,P1M,,A,,,,,,,,2015 = 100,,,2,4F0,HICP - Overall index,"Euro area (changing composition) - HICP - Overall index, Monthly Index, European Central Bank, Working day and seasonally adjusted",PURE_NUMB,0
ICP.M.U2.Y.000000.3.INX,M,U2,Y,000000,3,INX,2015-01,99.36927,A,F,,,P1M,,A,,,,,,,,2015 = 100,,,2,4F0,HICP - Overall index,"Euro area (changing composition) - HICP - Overall index, Monthly Index, European Central Bank, Working day and seasonally adjusted",PURE_NUMB,0
ICP.M.U2.Y.000000.3.INX,M,U2,Y,000000,3,INX,2015-02,99.73011,A,F,,,P1M,,A,,,,,,,,2015 = 100,,,2,4F0,HICP - Overall index,"Euro area (changing composition) - HICP - Overall index, Monthly Index, European Central Bank, Working day and seasonally adjusted",PURE_NUMB,0
ICP.M.U2.Y.000000.3.INX,M,U2,Y,000000,3,INX,2015-03,99.92765,A,F,,,P1M,,A,,,,,,,,2015 = 100,,,2,4F0,HICP - Overall index,"Euro area (changing composition) - HICP - Overall index, Monthly Index, European Central Bank, Working day and seasonally adjusted",PURE_NUMB,0
ICP.M.U2.Y.000000.3.INX,M,U2,Y,000000,3,INX,2015-04,100.02026,A,F,,,P1M,,A,,,,,,,,2015 = 100,,,2,4F0,HICP - Overall index,"Euro area (changing composition) - HICP - Overall index, Monthly Index, European Central Bank, Working day and seasonally adjusted",PURE_NUMB,0
ICP.M.U2.Y.000000.3.INX,M,U2,Y,000000,3,INX,2015-05,100.21262,A,F,,,P1M,,A,,,,,,,,2015 = 100,,,2,4F0,HICP - Overall index,"Euro area (changing composition) - HICP - Overall index, Monthly Index, European Central Bank, Working day and seasonally adjusted",PURE_NUMB,0
ICP.M.U2.Y.000000.3.INX,M,U2,Y,000000,3,INX,2015-06,100.25648,A,F,,,P1M,,A,,,,,,,,2015 = 100,,,2,4F0,HICP - Overall index,"Euro area (changing composition) - HICP - Overall index, Monthly Index, European Central Bank, Working day and seasonally adjusted",PURE_NUMB,0
ICP.M.U2.Y.000000.3.INX,M,U2,Y,000000,3,INX,2015-07,100.15936,A,F,,,P1M,,A,,,,,,,,2015 = 100,,,2,4F0,HICP - Overall index,"Euro area (changing composition) - HICP - Overall index, Monthly Index, European Central Bank, Working day and seasonally adjusted",PURE_NUMB,0
ICP.M.U2.Y.000000.3.INX,M,U2,Y,000000,3,INX,2015-08,100.09052,A,F,,,P1M,,A,,,,,,,,2015 = 100,,,2,4F0,HICP - Overall index,"Euro area (changing composition) - HICP - Overall index, Monthly Index, European Central Bank, Working day and seasonally adjusted",PURE_NUMB,0
ICP.M.U2.Y.000000.3.INX,M,U2,Y,000000,3,INX,2015-09,100.02624,A,F,,,P1M,,A,,,,,,,,2015 = 100,,,2,4F0,HICP - Overall index,"Euro area (changing composition) - HICP - Overall index, Monthly Index, European Central Bank, Working day and seasonally adjusted",PURE_NUMB,0
ICP.M.U2.Y.000000.3.INX,M,U2,Y,000000,3,INX,2015-10,100.11417,A,F,,,P1M,,A,,,,,,,,2015 = 100,,,2,4F0,HICP - Overall index,"Euro area (changing composition) - HICP - Overall index, Monthly Index, European Central Bank, Working day and seasonally adjusted",PURE_NUMB,0
ICP.M.U2.Y.000000.3.INX,M,U2,Y,000000,3,INX,2015-11,100.14798,A,F,,,P1M,,A,,,,,,,,2015 = 100,,,2,4F0,HICP - Overall index,"Euro area (changing composition) - HICP - Overall index, Monthly Index, European Central Bank, Working day and seasonally adjusted",PURE_NUMB,0
ICP.M.U2.Y.000000.3.INX,M,U2,Y,000000,3,INX,2015-12,99.94535,A,F,,,P1M,,A,,,,,,,,2015 = 100,,,2,4F0,HICP - Overall index,"Euro area (changing composition) - HICP - Overall index, Monthly Index, European Central Bank, Working day and seasonally adjusted",PURE_NUMB,0
ICP.M.U2.Y.000000.3.INX,M,U2,Y,000000,3,INX,2016-01,99.69418,A,F,,,P1M,,A,,,,,,,,2015 = 100,,,2,4F0,HICP - Overall index,"Euro area (changing composition) - HICP - Overall index, Monthly Index, European Central Bank, Working day and seasonally adjusted",PURE_NUMB,0
ICP.M.U2.Y.000000.3.INX,M,U2,Y,000000,3,INX,2016-02,99.61886,A,F,,,P1M,,A,,,,,,,,2015 = 100,,,2,4F0,HICP - Overall index,"Euro area (changing composition) - HICP - Overall index, Monthly Index, European Central Bank, Working day and seasonally adjusted",PURE_NUMB,0
ICP.M.U2.Y.000000.3.INX,M,U2,Y,000000,3,INX,2016-03,99.8471,A,F,,,P1M,,A,,,,,,,,2015 = 100,,,2,4F0,HICP - Overall index,"Euro area (changing composition) - HICP - Overall index, Monthly Index, European Central Bank, Working day and seasonally adjusted",PURE_NUMB,0
ICP.M.U2.Y.000000.3.INX,M,U2,Y,000000,3,INX,2016-04,99.83525,A,F,,,P1M,,A,,,,,,,,2015 = 100,,,2,4F0,HICP - Overall index,"Euro area (changing composition) - HICP - Overall index, Monthly Index, European Central Bank, Working day and seasonally adjusted",PURE_NUMB,0
ICP.M.U2.Y.000000.3.INX,M,U2,Y,000000,3,INX,2016-05,100.08824,A,F,,,P1M,,A,,,,,,,,2015 = 100,,,2,4F0,HICP - Overall index,"Euro area (changing composition) - HICP - Overall index, Monthly Index, European Central Bank, Working day and seasonally adjusted",PURE_NUMB,0
ICP.M.U2.Y.000000.3.INX,M,U2,Y,000000,3,INX,2016-06,100.29251,A,F,,,P1M,,A,,,,,,,,2015 = 100,,,2,4F0,HICP - Overall index,"Euro area (changing composition) - HICP - Overall index, Monthly Index, European Central Bank, Working day and seasonally adjusted",PURE_NUMB,0
ICP.M.U2.Y.000000.3.INX,M,U2,Y,000000,3,INX,2016-07,100.3038,A,F,,,P1M,,A,,,,,,,,2015 = 100,,,2,4F0,HICP - Overall index,"Euro area (changing composition) - HICP - Overall index, Monthly Index, European Central Bank, Working day and seasonally adjusted",PURE_NUMB,0
ICP.M.U2.Y.000000.3.INX,M,U2,Y,000000,3,INX,2016-08,100.30829,A,F,,,P1M,,A,,,,,,,,2015 = 100,,,2,4F0,HICP - Overall index,"Euro area (changing composition) - HICP - Overall index, Monthly Index, European Central Bank, Working day and seasonally adjusted",PURE_NUMB,0
ICP.M.U2.Y.000000.3.INX,M,U2,Y,000000,3,INX,2016-09,100.43344,A,F,,,P1M,,A,,,,,,,,2015 = 100,,,2,4F0,HICP - Overall index,"Euro area (changing composition) - HICP - Overall index, Monthly Index, European Central Bank, Working day and seasonally adjusted",PURE_NUMB,0
ICP.M.U2.Y.000000.3.INX,M,U2,Y,000000,3,INX,2016-10,100.63198,A,F,,,P1M,,A,,,,,,,,2015 = 100,,,2,4F0,HICP - Overall index,"Euro area (changing composition) - HICP - Overall index, Monthly Index, European Central Bank, Working day and seasonally adjusted",PURE_NUMB,0
ICP.M.U2.Y.000000.3.INX,M,U2,Y,000000,3,INX,2016-11,100.75575,A,F,,,P1M,,A,,,,,,,,2015 = 100,,,2,4F0,HICP - Overall index,"Euro area (changing composition) - HICP - Overall index, Monthly Index, European Central Bank, Working day and seasonally adjusted",PURE_NUMB,0
ICP.M.U2.Y.000000.3.INX,M,U2,Y,000000,3,INX,2016-12,101.06817,A,F,,,P1M,,A,,,,,,,,2015 = 100,,,2,4F0,HICP - Overall index,"Euro area (changing composition) - HICP - Overall index, Monthly Index, European Central Bank, Working day and seasonally adjusted",PURE_NUMB,0
ICP.M.U2.Y.000000.3.INX,M,U2,Y,000000,3,INX,2017-01,101.41505,A,F,,,P1M,,A,,,,,,,,2015 = 100,,,2,4F0,HICP - Overall index,"Euro area (changing composition) - HICP - Overall index, Monthly Index, European Central Bank, Working day and seasonally adjusted",PURE_NUMB,0
ICP.M.U2.Y.000000.3.INX,M,U2,Y,000000,3,INX,2017-02,101.5782,A,F,,,P1M,,A,,,,,,,,2015 = 100,,,2,4F0,HICP - Overall index,"Euro area (changing composition) - HICP - Overall index, Monthly Index, European Central Bank, Working day and seasonally adjusted",PURE_NUMB,0
ICP.M.U2.Y.000000.3.INX,M,U2,Y,000000,3,INX,2017-03,101.49103,A,F,,,P1M,,A,,,,,,,,2015 = 100,,,2,4F0,HICP - Overall index,"Euro area (changing composition) - HICP - Overall index, Monthly Index, European Central Bank, Working day and seasonally adjusted",PURE_NUMB,0
ICP.M.U2.Y.000000.3.INX,M,U2,Y,000000,3,INX,2017-04,101.64283,A,F,,,P1M,,A,,,,,,,,2015 = 100,,,2,4F0,HICP - Overall index,"Euro area (changing composition) - HICP - Overall index, Monthly Index, European Central Bank, Working day and seasonally adjusted",PURE_NUMB,0
ICP.M.U2.Y.000000.3.INX,M,U2,Y,000000,3,INX,2017-05,101.54337,A,F,,,P1M,,A,,,,,,,,2015 = 100,,,2,4F0,HICP - Overall index,"Euro area (changing composition) - HICP - Overall index, Monthly Index, European Central Bank, Working day and seasonally adjusted",PURE_NUMB,0
ICP.M.U2.Y.000000.3.INX,M,U2,Y,000000,3,INX,2017-06,101.50878,A,F,,,P1M,,A,,,,,,,,2015 = 100,,,2,4F0,HICP - Overall index,"Euro area (changing composition) - HICP - Overall index, Monthly Index, European Central Bank, Working day and seasonally adjusted",PURE_NUMB,0
ICP.M.U2.Y.000000.3.INX,M,U2,Y,000000,3,INX,2017-07,101.56484,A,F,,,P1M,,A,,,,,,,,2015 = 100,,,2,4F0,HICP - Overall index,"Euro area (changing composition) - HICP - Overall index, Monthly Index, European Central Bank, Working day and seasonally adjusted",PURE_NUMB,0
ICP.M.U2.Y.000000.3.INX,M,U2,Y,000000,3,INX,2017-08,101.76741,A,F,,,P1M,,A,,,,,,,,2015 = 100,,,2,4F0,HICP - Overall index,"Euro area (changing composition) - HICP - Overall index, Monthly Index, European Central Bank, Working day and seasonally adjusted",PURE_NUMB,0
ICP.M.U2.Y.000000.3.INX,M,U2,Y,000000,3,INX,2017-09,101.98253,A,F,,,P1M,,A,,,,,,,,2015 = 100,,,2,4F0,HICP - Overall index,"Euro area (changing composition) - HICP - Overall index, Monthly Index, European Central Bank, Working day and seasonally adjusted",PURE_NUMB,0
ICP.M.U2.Y.000000.3.INX,M,U2,Y,000000,3,INX,2017-10,102.02177,A,F,,,P1M,,A,,,,,,,,2015 = 100,,,2,4F0,HICP - Overall index,"Euro area (changing composition) - HICP - Overall index, Monthly Index, European Central Bank, Working day and seasonally adjusted",PURE_NUMB,0
ICP.M.U2.Y.000000.3.INX,M,U2,Y,000000,3,INX,2017-11,102.3324,A,F,,,P1M,,A,,,,,,,,2015 = 100,,,2,4F0,HICP - Overall index,"Euro area (changing composition) - HICP - Overall index, Monthly Index, European Central Bank, Working day and seasonally adjusted",PURE_NUMB,0
ICP.M.U2.Y.000000.3.INX,M,U2,Y,000000,3,INX,2017-12,102.44684,A,F,,,P1M,,A,,,,,,,,2015 = 100,,,2,4F0,HICP - Overall index,"Euro area (changing composition) - HICP - Overall index, Monthly Index, European Central Bank, Working day and seasonally adjusted",PURE_NUMB,0
ICP.M.U2.Y.000000.3.INX,M,U2,Y,000000,3,INX,2018-01,102.73791,A,F,,,P1M,,A,,,,,,,,2015 = 100,,,2,4F0,HICP - Overall index,"Euro area (changing composition) - HICP - Overall index, Monthly Index, European Central Bank, Working day and seasonally adjusted",PURE_NUMB,0
ICP.M.U2.Y.000000.3.INX,M,U2,Y,000000,3,INX,2018-02,102.74679,A,F,,,P1M,,A,,,,,,,,2015 = 100,,,2,4F0,HICP - Overall index,"Euro area (changing composition) - HICP - Overall index, Monthly Index, European Central Bank, Working day and seasonally adjusted",PURE_NUMB,0
ICP.M.U2.Y.000000.3.INX,M,U2,Y,000000,3,INX,2018-03,102.89102,A,F,,,P1M,,A,,,,,,,,2015 = 100,,,2,4F0,HICP - Overall index,"Euro area (changing composition) - HICP - Overall index, Monthly Index, European Central Bank, Working day and seasonally adjusted",PURE_NUMB,0
ICP.M.U2.Y.000000.3.INX,M,U2,Y,000000,3,INX,2018-04,102.99244,A,F,,,P1M,,A,,,,,,,,2015 = 100,,,2,4F0,HICP - Overall index,"Euro area (changing composition) - HICP - Overall index, Monthly Index, European Central Bank, Working day and seasonally adjusted",PURE_NUMB,0
ICP.M.U2.Y.000000.3.INX,M,U2,Y,000000,3,INX,2018-05,103.45882,A,F,,,P1M,,A,,,,,,,,2015 = 100,,,2,4F0,HICP - Overall index,"Euro area (changing composition) - HICP - Overall index, Monthly Index, European Central Bank, Working day and seasonally adjusted",PURE_NUMB,0
ICP.M.U2.Y.000000.3.INX,M,U2,Y,000000,3,INX,2018-06,103.55868,A,F,,,P1M,,A,,,,,,,,2015 = 100,,,2,4F0,HICP - Overall index,"Euro area (changing composition) - HICP - Overall index, Monthly Index, European Central Bank, Working day and seasonally adjusted",PURE_NUMB,0
ICP.M.U2.Y.000000.3.INX,M,U2,Y,000000,3,INX,2018-07,103.72591,A,F,,,P1M,,A,,,,,,,,2015 = 100,,,2,4F0,HICP - Overall index,"Euro area (changing composition) - HICP - Overall index, Monthly Index, European Central Bank, Working day and seasonally adjusted",PURE_NUMB,0
ICP.M.U2.Y.000000.3.INX,M,U2,Y,000000,3,INX,2018-08,103.84291,A,F,,,P1M,,A,,,,,,,,2015 = 100,,,2,4F0,HICP - Overall index,"Euro area (changing composition) - HICP - Overall index, Monthly Index, European Central Bank, Working day and seasonally adjusted",PURE_NUMB,0
ICP.M.U2.Y.000000.3.INX,M,U2,Y,000000,3,INX,2018-09,104.12034,A,F,,,P1M,,A,,,,,,,,2015 = 100,,,2,4F0,HICP - Overall index,"Euro area (changing composition) - HICP - Overall index, Monthly Index, European Central Bank, Working day and seasonally adjusted",PURE_NUMB,0
ICP.M.U2.Y.000000.3.INX,M,U2,Y,000000,3,INX,2018-10,104.33641,A,F,,,P1M,,A,,,,,,,,2015 = 100,,,2,4F0,HICP - Overall index,"Euro area (changing composition) - HICP - Overall index, Monthly Index, European Central Bank, Working day and seasonally adjusted",PURE_NUMB,0
ICP.M.U2.Y.000000.3.INX,M,U2,Y,000000,3,INX,2018-11,104.33689,A,F,,,P1M,,A,,,,,,,,2015 = 100,,,2,4F0,HICP - Overall index,"Euro area (changing composition) - HICP - Overall index, Monthly Index, European Central Bank, Working day and seasonally adjusted",PURE_NUMB,0
ICP.M.U2.Y.000000.3.INX,M,U2,Y,000000,3,INX,2018-12,104.03052,A,F,,,P1M,,A,,,,,,,,2015 = 100,,,2,4F0,HICP - Overall index,"Euro area (changing composition) - HICP - Overall index, Monthly Index, European Central Bank, Working day and seasonally adjusted",PURE_NUMB,0
ICP.M.U2.Y.000000.3.INX,M,U2,Y,000000,3,INX,2019-01,104.02442,A,F,,,P1M,,A,,,,,,,,2015 = 100,,,2,4F0,HICP - Overall index,"Euro area (changing composition) - HICP - Overall index, Monthly Index, European Central Bank, Working day and seasonally adjusted",PURE_NUMB,0
ICP.M.U2.Y.000000.3.INX,M,U2,Y,000000,3,INX,2019-02,104.17541,A,F,,,P1M,,A,,,,,,,,2015 = 100,,,2,4F0,HICP - Overall index,"Euro area (changing composition) - HICP - Overall index, Monthly Index, European Central Bank, Working day and seasonally adjusted",PURE_NUMB,0
ICP.M.U2.Y.000000.3.INX,M,U2,Y,000000,3,INX,2019-03,104.38249,A,F,,,P1M,,A,,,,,,,,2015 = 100,,,2,4F0,HICP - Overall index,"Euro area (changing composition) - HICP - Overall index, Monthly Index, European Central Bank, Working day and seasonally adjusted",PURE_NUMB,0
ICP.M.U2.Y.000000.3.INX,M,U2,Y,000000,3,INX,2019-04,104.66077,A,F,,,P1M,,A,,,,,,,,2015 = 100,,,2,4F0,HICP - Overall index,"Euro area (changing composition) - HICP - Overall index, Monthly Index, European Central Bank, Working day and seasonally adjusted",PURE_NUMB,0
ICP.M.U2.Y.000000.3.INX,M,U2,Y,000000,3,INX,2019-05,104.77963,A,F,,,P1M,,A,,,,,,,,2015 = 100,,,2,4F0,HICP - Overall index,"Euro area (changing composition) - HICP - Overall index, Monthly Index, European Central Bank, Working day and seasonally adjusted",PURE_NUMB,0
ICP.M.U2.Y.000000.3.INX,M,U2,Y,000000,3,INX,2019-06,104.8279,A,F,,,P1M,,A,,,,,,,,2015 = 100,,,2,4F0,HICP - Overall index,"Euro area (changing composition) - HICP - Overall index, Monthly Index, European Central Bank, Working day and seasonally adjusted",PURE_NUMB,0
ICP.M.U2.Y.000000.3.INX,M,U2,Y,000000,3,INX,2019-07,104.89502,A,F,,,P1M,,A,,,,,,,,2015 = 100,,,2,4F0,HICP - Overall index,"Euro area (changing composition) - HICP - Overall index, Monthly Index, European Central Bank, Working day and seasonally adjusted",PURE_NUMB,0
ICP.M.U2.Y.000000.3.INX,M,U2,Y,000000,3,INX,2019-08,104.98289,A,F,,,P1M,,A,,,,,,,,2015 = 100,,,2,4F0,HICP - Overall index,"Euro area (changing composition) - HICP - Overall index, Monthly Index, European Central Bank, Working day and seasonally adjusted",PURE_NUMB,0
ICP.M.U2.Y.000000.3.INX,M,U2,Y,000000,3,INX,2019-09,105.06003,A,F,,,P1M,,A,,,,,,,,2015 = 100,,,2,4F0,HICP - Overall index,"Euro area (changing composition) - HICP - Overall index, Monthly Index, European Central Bank, Working day and seasonally adjusted",PURE_NUMB,0
ICP.M.U2.Y.000000.3.INX,M,U2,Y,000000,3,INX,2019-10,105.14903,A,F,,,P1M,,A,,,,,,,,2015 = 100,,,2,4F0,HICP - Overall index,"Euro area (changing composition) - HICP - Overall index, Monthly Index, European Central Bank, Working day and seasonally adjusted",PURE_NUMB,0
ICP.M.U2.Y.000000.3.INX,M,U2,Y,000000,3,INX,2019-11,105.27423,A,F,,,P1M,,A,,,,,,,,2015 = 100,,,2,4F0,HICP - Overall index,"Euro area (changing composition) - HICP - Overall index, Monthly Index, European Central Bank, Working day and seasonally adjusted",PURE_NUMB,0
ICP.M.U2.Y.000000.3.INX,M,U2,Y,000000,3,INX,2019-12,105.40452,A,F,,,P1M,,A,,,,,,,,2015 = 100,,,2,4F0,HICP - Overall index,"Euro area (changing composition) - HICP - Overall index, Monthly Index, European Central Bank, Working day and seasonally adjusted",PURE_NUMB,0
ICP.M.U2.Y.000000.3.INX,M,U2,Y,000000,3,INX,2020-01,105.43366,A,F,,,P1M,,A,,,,,,,,2015 = 100,,,2,4F0,HICP - Overall index,"Euro area (changing composition) - HICP - Overall index, Monthly Index, European Central Bank, Working day and seasonally adjusted",PURE_NUMB,0
ICP.M.U2.Y.000000.3.INX,M,U2,Y,000000,3,INX,2020-02,105.44646,A,F,,,P1M,,A,,,,,,,,2015 = 100,,,2,4F0,HICP - Overall index,"Euro area (changing composition) - HICP - Overall index, Monthly Index, European Central Bank, Working day and seasonally adjusted",PURE_NUMB,0
ICP.M.U2.Y.000000.3.INX,M,U2,Y,000000,3,INX,2020-03,105.21605,A,F,,,P1M,,A,,,,,,,,2015 = 100,,,2,4F0,HICP - Overall index,"Euro area (changing composition) - HICP - Overall index, Monthly Index, European Central Bank, Working day and seasonally adjusted",PURE_NUMB,0
ICP.M.U2.Y.000000.3.INX,M,U2,Y,000000,3,INX,2020-04,105.00228,A,F,,,P1M,,A,,,,,,,,2015 = 100,,,2,4F0,HICP - Overall index,"Euro area (changing composition) - HICP - Overall index, Monthly Index, European Central Bank, Working day and seasonally adjusted",PURE_NUMB,0
ICP.M.U2.Y.000000.3.INX,M,U2,Y,000000,3,INX,2020-05,104.84697,A,F,,,P1M,,A,,,,,,,,2015 = 100,,,2,4F0,HICP - Overall index,"Euro area (changing composition) - HICP - Overall index, Monthly Index, European Central Bank, Working day and seasonally adjusted",PURE_NUMB,0
ICP.M.U2.Y.000000.3.INX,M,U2,Y,000000,3,INX,2020-06,105.08305,A,F,,,P1M,,A,,,,,,,,2015 = 100,,,2,4F0,HICP - Overall index,"Euro area (changing composition) - HICP - Overall index, Monthly Index, European Central Bank, Working day and seasonally adjusted",PURE_NUMB,0
ICP.M.U2.Y.000000.3.INX,M,U2,Y,000000,3,INX,2020-07,105.24247,A,F,,,P1M,,A,,,,,,,,2015 = 100,,,2,4F0,HICP - Overall index,"Euro area (changing composition) - HICP - Overall index, Monthly Index, European Central Bank, Working day and seasonally adjusted",PURE_NUMB,0
ICP.M.U2.Y.000000.3.INX,M,U2,Y,000000,3,INX,2020-08,104.75649,A,F,,,P1M,,A,,,,,,,,2015 = 100,,,2,4F0,HICP - Overall index,"Euro area (changing composition) - HICP - Overall index, Monthly Index, European Central Bank, Working day and seasonally adjusted",PURE_NUMB,0
ICP.M.U2.Y.000000.3.INX,M,U2,Y,000000,3,INX,2020-09,104.7481,A,F,,,P1M,,A,,,,,,,,2015 = 100,,,2,4F0,HICP - Overall index,"Euro area (changing composition) - HICP - Overall index, Monthly Index, European Central Bank, Working day and seasonally adjusted",PURE_NUMB,0
ICP.M.U2.Y.000000.3.INX,M,U2,Y,000000,3,INX,2020-10,104.86317,A,F,,,P1M,,A,,,,,,,,2015 = 100,,,2,4F0,HICP - Overall index,"Euro area (changing composition) - HICP - Overall index, Monthly Index, European Central Bank, Working day and seasonally adjusted",PURE_NUMB,0
ICP.M.U2.Y.000000.3.INX,M,U2,Y,000000,3,INX,2020-11,104.99711,A,F,,,P1M,,A,,,,,,,,2015 = 100,,,2,4F0,HICP - Overall index,"Euro area (changing composition) - HICP - Overall index, Monthly Index, European Central Bank, Working day and seasonally adjusted",PURE_NUMB,0
ICP.M.U2.Y.000000.3.INX,M,U2,Y,000000,3,INX,2020-12,105.13504,A,F,,,P1M,,A,,,,,,,,2015 = 100,,,2,4F0,HICP - Overall index,"Euro area (changing composition) - HICP - Overall index, Monthly Index, European Central Bank, Working day and seasonally adjusted",PURE_NUMB,0
ICP.M.U2.Y.000000.3.INX,M,U2,Y,000000,3,INX,2021-01,106.1978,A,F,,,P1M,,A,,,,,,,,2015 = 100,,,2,4F0,HICP - Overall index,"Euro area (changing composition) - HICP - Overall index, Monthly Index, European Central Bank, Working day and seasonally adjusted",PURE_NUMB,0
ICP.M.U2.Y.000000.3.INX,M,U2,Y,000000,3,INX,2021-02,106.29466,A,F,,,P1M,,A,,,,,,,,2015 = 100,,,2,4F0,HICP - Overall index,"Euro area (changing composition) - HICP - Overall index, Monthly Index, European Central Bank, Working day and seasonally adjusted",PURE_NUMB,0
ICP.M.U2.Y.000000.3.INX,M,U2,Y,000000,3,INX,2021-03,106.52665,A,F,,,P1M,,A,,,,,,,,2015 = 100,,,2,4F0,HICP - Overall index,"Euro area (changing composition) - HICP - Overall index, Monthly Index, European Central Bank, Working day and seasonally adjusted",PURE_NUMB,0
ICP.M.U2.Y.000000.3.INX,M,U2,Y,000000,3,INX,2021-04,106.70116,A,F,,,P1M,,A,,,,,,,,2015 = 100,,,2,4F0,HICP - Overall index,"Euro area (changing composition) - HICP - Overall index, Monthly Index, European Central Bank, Working day and seasonally adjusted",PURE_NUMB,0
ICP.M.U2.Y.000000.3.INX,M,U2,Y,000000,3,INX,2021-05,106.88242,A,F,,,P1M,,A,,,,,,,,2015 = 100,,,2,4F0,HICP - Overall index,"Euro area (changing composition) - HICP - Overall index, Monthly Index, European Central Bank, Working day and seasonally adjusted",PURE_NUMB,0
ICP.M.U2.Y.000000.3.INX,M,U2,Y,000000,3,INX,2021-06,107.19373,A,F,,,P1M,,A,,,,,,,,2015 = 100,,,2,4F0,HICP - Overall index,"Euro area (changing composition) - HICP - Overall index, Monthly Index, European Central Bank, Working day and seasonally adjusted",PURE_NUMB,0
ICP.M.U2.Y.000000.3.INX,M,U2,Y,000000,3,INX,2021-07,107.76046,A,F,,,P1M,,A,,,,,,,,2015 = 100,,,2,4F0,HICP - Overall index,"Euro area (changing composition) - HICP - Overall index, Monthly Index, European Central Bank, Working day and seasonally adjusted",PURE_NUMB,0
ICP.M.U2.Y.000000.3.INX,M,U2,Y,000000,3,INX,2021-08,108.10355,A,F,,,P1M,,A,,,,,,,,2015 = 100,,,2,4F0,HICP - Overall index,"Euro area (changing composition) - HICP - Overall index, Monthly Index, European Central Bank, Working day and seasonally adjusted",PURE_NUMB,0
ICP.M.U2.Y.000000.3.INX,M,U2,Y,000000,3,INX,2021-09,108.39762,A,F,,,P1M,,A,,,,,,,,2015 = 100,,,2,4F0,HICP - Overall index,"Euro area (changing composition) - HICP - Overall index, Monthly Index, European Central Bank, Working day and seasonally adjusted",PURE_NUMB,0
ICP.M.U2.Y.000000.3.INX,M,U2,Y,000000,3,INX,2021-10,109.18626,A,F,,,P1M,,A,,,,,,,,2015 = 100,,,2,4F0,HICP - Overall index,"Euro area (changing composition) - HICP - Overall index, Monthly Index, European Central Bank, Working day and seasonally adjusted",PURE_NUMB,0
ICP.M.U2.Y.000000.3.INX,M,U2,Y,000000,3,INX,2021-11,109.97154,A,F,,,P1M,,A,,,,,,,,2015 = 100,,,2,4F0,HICP - Overall index,"Euro area (changing composition) - HICP - Overall index, Monthly Index, European Central Bank, Working day and seasonally adjusted",PURE_NUMB,0
ICP.M.U2.Y.000000.3.INX,M,U2,Y,000000,3,INX,2021-12,110.35977,A,F,,,P1M,,A,,,,,,,,2015 = 100,,,2,4F0,HICP - Overall index,"Euro area (changing composition) - HICP - Overall index, Monthly Index, European Central Bank, Working day and seasonally adjusted",PURE_NUMB,0
ICP.M.U2.Y.000000.3.INX,M,U2,Y,000000,3,INX,2022-01,111.60175,A,F,,,P1M,,A,,,,,,,,2015 = 100,,,2,4F0,HICP - Overall index,"Euro area (changing composition) - HICP - Overall index, Monthly Index, European Central Bank, Working day and seasonally adjusted",PURE_NUMB,0
ICP.M.U2.Y.000000.3.INX,M,U2,Y,000000,3,INX,2022-02,112.50322,A,F,,,P1M,,A,,,,,,,,2015 = 100,,,2,4F0,HICP - Overall index,"Euro area (changing composition) - HICP - Overall index, Monthly Index, European Central Bank, Working day and seasonally adjusted",PURE_NUMB,0
ICP.M.U2.Y.000000.3.INX,M,U2,Y,000000,3,INX,2022-03,114.50269,A,F,,,P1M,,A,,,,,,,,2015 = 100,,,2,4F0,HICP - Overall index,"Euro area (changing composition) - HICP - Overall index, Monthly Index, European Central Bank, Working day and seasonally adjusted",PURE_NUMB,0
ICP.M.U2.Y.000000.3.INX,M,U2,Y,000000,3,INX,2022-04,114.65888,A,F,,,P1M,,A,,,,,,,,2015 = 100,,,2,4F0,HICP - Overall index,"Euro area (changing composition) - HICP - Overall index, Monthly Index, European Central Bank, Working day and seasonally adjusted",PURE_NUMB,0
ICP.M.U2.Y.000000.3.INX,M,U2,Y,000000,3,INX,2022-05,115.51412,A,F,,,P1M,,A,,,,,,,,2015 = 100,,,2,4F0,HICP - Overall index,"Euro area (changing composition) - HICP - Overall index, Monthly Index, European Central Bank, Working day and seasonally adjusted",PURE_NUMB,0
ICP.M.U2.Y.000000.3.INX,M,U2,Y,000000,3,INX,2022-06,116.44303,A,F,,,P1M,,A,,,,,,,,2015 = 100,,,2,4F0,HICP - Overall index,"Euro area (changing composition) - HICP - Overall index, Monthly Index, European Central Bank, Working day and seasonally adjusted",PURE_NUMB,0
ICP.M.U2.Y.000000.3.INX,M,U2,Y,000000,3,INX,2022-07,117.25253,A,F,,,P1M,,A,,,,,,,,2015 = 100,,,2,4F0,HICP - Overall index,"Euro area (changing composition) - HICP - Overall index, Monthly Index, European Central Bank, Working day and seasonally adjusted",PURE_NUMB,0
ICP.M.U2.Y.000000.3.INX,M,U2,Y,000000,3,INX,2022-08,117.94195,A,F,,,P1M,,A,,,,,,,,2015 = 100,,,2,4F0,HICP - Overall index,"Euro area (changing composition) - HICP - Overall index, Monthly Index, European Central Bank, Working day and seasonally adjusted",PURE_NUMB,0
ICP.M.U2.Y.000000.3.INX,M,U2,Y,000000,3,INX,2022-09,119.17061,A,F,,,P1M,,A,,,,,,,,2015 = 100,,,2,4F0,HICP - Overall index,"Euro area (changing composition) - HICP - Overall index, Monthly Index, European Central Bank, Working day and seasonally adjusted",PURE_NUMB,0
ICP.M.U2.Y.000000.3.INX,M,U2,Y,000000,3,INX,2022-10,120.7854,A,F,,,P1M,,A,,,,,,,,2015 = 100,,,2,4F0,HICP - Overall index,"Euro area (changing composition) - HICP - Overall index, Monthly Index, European Central Bank, Working day and seasonally adjusted",PURE_NUMB,0
