DATAFLOW,LAST UPDATE,freq,indic,s_adj,unit,geo,TIME_PERIOD,OBS_VALUE,OBS_FLAG
ESTAT:EI_BSCO_M(1.0),28/10/22 11:00:00,M,BS-CSMCI,SA,BAL,EA19,1985-01,-10.5,
ESTAT:EI_BSCO_M(1.0),28/10/22 11:00:00,M,BS-CSMCI,SA,BAL,EA19,1985-02,-11.1,
ESTAT:EI_BSCO_M(1.0),28/10/22 11:00:00,M,BS-CSMCI,SA,BAL,EA19,1985-03,-11.9,
ESTAT:EI_BSCO_M(1.0),28/10/22 11:00:00,M,BS-CSMCI,SA,BAL,EA19,1985-04,-11.0,
ESTAT:EI_BSCO_M(1.0),28/10/22 11:00:00,M,BS-CSMCI,SA,BAL,EA19,1985-05,-11.5,
ESTAT:EI_BSCO_M(1.0),28/10/22 11:00:00,M,BS-CSMCI,SA,BAL,EA19,1985-06,-11.9,
ESTAT:EI_BSCO_M(1.0),28/10/22 11:00:00,M,BS-CSMCI,SA,BAL,EA19,1985-07,-11.6,
ESTAT:EI_BSCO_M(1.0),28/10/22 11:00:00,M,BS-CSMCI,SA,BAL,EA19,1985-08,-11.3,
ESTAT:EI_BSCO_M(1.0),28/10/22 11:00:00,M,BS-CSMCI,SA,BAL,EA19,1985-09,-11.1,
ESTAT:EI_BSCO_M(1.0),28/10/22 11:00:00,M,BS-CSMCI,SA,BAL,EA19,1985-10,-8.2,
ESTAT:EI_BSCO_M(1.0),28/10/22 11:00:00,M,BS-CSMCI,SA,BAL,EA19,1985-11,-7.9,
ESTAT:EI_BSCO_M(1.0),28/10/22 11:00:00,M,BS-CSMCI,SA,BAL,EA19,1985-12,-8.2,
ESTAT:EI_BSCO_M(1.0),28/10/22 11:00:00,M,BS-CSMCI,SA,BAL,EA19,1986-01,-5.8,
ESTAT:EI_BSCO_M(1.0),28/10/22 11:00:00,M,BS-CSMCI,SA,BAL,EA19,1986-02,-5.3,
ESTAT:EI_BSCO_M(1.0),28/10/22 11:00:00,M,BS-CSMCI,SA,BAL,EA19,1986-03,-4.5,
ESTAT:EI_BSCO_M(1.0),28/10/22 11:00:00,M,BS-CSMCI,SA,BAL,EA19,1986-04,-5.0,
ESTAT:EI_BSCO_M(1.0),28/10/22 11:00:00,M,BS-CSMCI,SA,BAL,EA19,1986-05,-5.4,
ESTAT:EI_BSCO_M(1.0),28/10/22 11:00:00,M,BS-CSMCI,SA,BAL,EA19,1986-06,-5.4,
ESTAT:EI_BSCO_M(1.0),28/10/22 11:00:00,M,BS-CSMCI,SA,BAL,EA19,1986-07,-5.3,
ESTAT:EI_BSCO_M(1.0),28/10/22 11:00:00,M,BS-CSMCI,SA,BAL,EA19,1986-08,-4.4,
ESTAT:EI_BSCO_M(1.0),28/10/22 11:00:00,M,BS-CSMCI,SA,BAL,EA19,1986-09,-4.5,
ESTAT:EI_BSCO_M(1.0),28/10/22 11:00:00,M,BS-CSMCI,SA,BAL,EA19,1986-10,-3.9,
ESTAT:EI_BSCO_M(1.0),28/10/22 11:00:00,M,BS-CSMCI,SA,BAL,EA19,1986-11,-4.3,
ESTAT:EI_BSCO_M(1.0),28/10/22 11:00:00,M,BS-CSMCI,SA,BAL,EA19,1986-12,-4.7,
ESTAT:EI_BSCO_M(1.0),28/10/22 11:00:00,M,BS-CSMCI,SA,BAL,EA19,1987-01,-4.8,
ESTAT:EI_BSCO_M(1.0),28/10/22 11:00:00,M,BS-CSMCI,SA,BAL,EA19,1987-02,-5.7,
ESTAT:EI_BSCO_M(1.0),28/10/22 11:00:00,M,BS-CSMCI,SA,BAL,EA19,1987-03,-5.6,
ESTAT:EI_BSCO_M(1.0),28/10/22 11:00:00,M,BS-CSMCI,SA,BAL,EA19,1987-04,-6.0,
ESTAT:EI_BSCO_M(1.0),28/10/22 11:00:00,M,BS-CSMCI,SA,BAL,EA19,1987-05,-6.8,
ESTAT:EI_BSCO_M(1.0),28/10/22 11:00:00,M,BS-CSMCI,SA,BAL,EA19,1987-06,-7.4,
ESTAT:EI_BSCO_M(1.0),28/10/22 11:00:00,M,BS-CSMCI,SA,BAL,EA19,1987-07,-7.1,
ESTAT:EI_BSCO_M(1.0),28/10/22 11:00:00,M,BS-CSMCI,SA,BAL,EA19,1987-08,-7.2,
ESTAT:EI_BSCO_M(1.0),28/10/22 11:00:00,M,BS-CSMCI,SA,BAL,EA19,1987-09,-5.6,
ESTAT:EI_BSCO_M(1.0),28/10/22 11:00:00,M,BS-CSMCI,SA,BAL,EA19,1987-10,-6.1,
ESTAT:EI_BSCO_M(1.0),28/10/22 11:00:00,M,BS-CSMCI,SA,BAL,EA19,1987-11,-7.0,
ESTAT:EI_BSCO_M(1.0),28/10/22 11:00:00,M,BS-CSMCI,SA,BAL,EA19,1987-12,-6.6,
ESTAT:EI_BSCO_M(1.0),28/10/22 11:00:00,M,BS-CSMCI,SA,BAL,EA19,1988-01,-6.8,
ESTAT:EI_BSCO_M(1.0),28/10/22 11:00:00,M,BS-CSMCI,SA,BAL,EA19,1988-02,-6.5,
ESTAT:EI_BSCO_M(1.0),28/10/22 11:00:00,M,BS-CSMCI,SA,BAL,EA19,1988-03,-6.0,
ESTAT:EI_BSCO_M(1.0),28/10/22 11:00:00,M,BS-CSMCI,SA,BAL,EA19,1988-04,-5.2,
ESTAT:EI_BSCO_M(1.0),28/10/22 11:00:00,M,BS-CSMCI,SA,BAL,EA19,1988-05,-5.9,
ESTAT:EI_BSCO_M(1.0),28/10/22 11:00:00,M,BS-CSMCI,SA,BAL,EA19,1988-06,-5.9,
ESTAT:EI_BSCO_M(1.0),28/10/22 11:00:00,M,BS-CSMCI,SA,BAL,EA19,1988-07,-6.1,
ESTAT:EI_BSCO_M(1.0),28/10/22 11:00:00,M,BS-CSMCI,SA,BAL,EA19,1988-08,-5.0,
ESTAT:EI_BSCO_M(1.0),28/10/22 11:00:00,M,BS-CSMCI,SA,BAL,EA19,1988-09,-4.4,
ESTAT:EI_BSCO_M(1.0),28/10/22 11:00:00,M,BS-CSMCI,SA,BAL,EA19,1988-10,-3.3,
ESTAT:EI_BSCO_M(1.0),28/10/22 11:00:00,M,BS-CSMCI,SA,BAL,EA19,1988-11,-2.7,
ESTAT:EI_BSCO_M(1.0),28/10/22 11:00:00,M,BS-CSMCI,SA,BAL,EA19,1988-12,-3.2,
ESTAT:EI_BSCO_M(1.0),28/10/22 11:00:00,M,BS-CSMCI,SA,BAL,EA19,1989-01,-3.6,
ESTAT:EI_BSCO_M(1.0),28/10/22 11:00:00,M,BS-CSMCI,SA,BAL,EA19,1989-02,-4.3,
ESTAT:EI_BSCO_M(1.0),28/10/22 11:00:00,M,BS-CSMCI,SA,BAL,EA19,1989-03,-4.4,
ESTAT:EI_BSCO_M(1.0),28/10/22 11:00:00,M,BS-CSMCI,SA,BAL,EA19,1989-04,-4.9,
ESTAT:EI_BSCO_M(1.0),28/10/22 11:00:00,M,BS-CSMCI,SA,BAL,EA19,1989-05,-5.4,
ESTAT:EI_BSCO_M(1.0),28/10/22 11:00:00,M,BS-CSMCI,SA,BAL,EA19,1989-06,-4.2,
ESTAT:EI_BSCO_M(1.0),28/10/22 11:00:00,M,BS-CSMCI,SA,BAL,EA19,1989-07,-3.4,
ESTAT:EI_BSCO_M(1.0),28/10/22 11:00:00,M,BS-CSMCI,SA,BAL,EA19,1989-08,-3.6,
ESTAT:EI_BSCO_M(1.0),28/10/22 11:00:00,M,BS-CSMCI,SA,BAL,EA19,1989-09,-2.7,
ESTAT:EI_BSCO_M(1.0),28/10/22 11:00:00,M,BS-CSMCI,SA,BAL,EA19,1989-10,-2.5,
ESTAT:EI_BSCO_M(1.0),28/10/22 11:00:00,M,BS-CSMCI,SA,BAL,EA19,1989-11,-2.5,
ESTAT:EI_BSCO_M(1.0),28/10/22 11:00:00,M,BS-CSMCI,SA,BAL,EA19,1989-12,-1.8,
ESTAT:EI_BSCO_M(1.0),28/10/22 11:00:00,M,BS-CSMCI,SA,BAL,EA19,1990-01,-2.3,
ESTAT:EI_BSCO_M(1.0),28/10/22 11:00:00,M,BS-CSMCI,SA,BAL,EA19,1990-02,-2.4,
ESTAT:EI_BSCO_M(1.0),28/10/22 11:00:00,M,BS-CSMCI,SA,BAL,EA19,1990-03,-3.1,
ESTAT:EI_BSCO_M(1.0),28/10/22 11:00:00,M,BS-CSMCI,SA,BAL,EA19,1990-04,-2.5,
ESTAT:EI_BSCO_M(1.0),28/10/22 11:00:00,M,BS-CSMCI,SA,BAL,EA19,1990-05,-3.4,
ESTAT:EI_BSCO_M(1.0),28/10/22 11:00:00,M,BS-CSMCI,SA,BAL,EA19,1990-06,-3.2,
ESTAT:EI_BSCO_M(1.0),28/10/22 11:00:00,M,BS-CSMCI,SA,BAL,EA19,1990-07,-2.9,
ESTAT:EI_BSCO_M(1.0),28/10/22 11:00:00,M,BS-CSMCI,SA,BAL,EA19,1990-08,-3.4,
ESTAT:EI_BSCO_M(1.0),28/10/22 11:00:00,M,BS-CSMCI,SA,BAL,EA19,1990-09,-8.5,
ESTAT:EI_BSCO_M(1.0),28/10/22 11:00:00,M,BS-CSMCI,SA,BAL,EA19,1990-10,-8.6,
ESTAT:EI_BSCO_M(1.0),28/10/22 11:00:00,M,BS-CSMCI,SA,BAL,EA19,1990-11,-7.1,
ESTAT:EI_BSCO_M(1.0),28/10/22 11:00:00,M,BS-CSMCI,SA,BAL,EA19,1990-12,-6.7,
ESTAT:EI_BSCO_M(1.0),28/10/22 11:00:00,M,BS-CSMCI,SA,BAL,EA19,1991-01,-10.1,
ESTAT:EI_BSCO_M(1.0),28/10/22 11:00:00,M,BS-CSMCI,SA,BAL,EA19,1991-02,-10.6,
ESTAT:EI_BSCO_M(1.0),28/10/22 11:00:00,M,BS-CSMCI,SA,BAL,EA19,1991-03,-7.5,
ESTAT:EI_BSCO_M(1.0),28/10/22 11:00:00,M,BS-CSMCI,SA,BAL,EA19,1991-04,-8.1,
ESTAT:EI_BSCO_M(1.0),28/10/22 11:00:00,M,BS-CSMCI,SA,BAL,EA19,1991-05,-7.5,
ESTAT:EI_BSCO_M(1.0),28/10/22 11:00:00,M,BS-CSMCI,SA,BAL,EA19,1991-06,-8.7,
ESTAT:EI_BSCO_M(1.0),28/10/22 11:00:00,M,BS-CSMCI,SA,BAL,EA19,1991-07,-10.9,
ESTAT:EI_BSCO_M(1.0),28/10/22 11:00:00,M,BS-CSMCI,SA,BAL,EA19,1991-08,-11.3,
ESTAT:EI_BSCO_M(1.0),28/10/22 11:00:00,M,BS-CSMCI,SA,BAL,EA19,1991-09,-9.7,
ESTAT:EI_BSCO_M(1.0),28/10/22 11:00:00,M,BS-CSMCI,SA,BAL,EA19,1991-10,-10.1,
ESTAT:EI_BSCO_M(1.0),28/10/22 11:00:00,M,BS-CSMCI,SA,BAL,EA19,1991-11,-9.8,
ESTAT:EI_BSCO_M(1.0),28/10/22 11:00:00,M,BS-CSMCI,SA,BAL,EA19,1991-12,-9.9,
ESTAT:EI_BSCO_M(1.0),28/10/22 11:00:00,M,BS-CSMCI,SA,BAL,EA19,1992-01,-11.2,
ESTAT:EI_BSCO_M(1.0),28/10/22 11:00:00,M,BS-CSMCI,SA,BAL,EA19,1992-02,-10.3,
ESTAT:EI_BSCO_M(1.0),28/10/22 11:00:00,M,BS-CSMCI,SA,BAL,EA19,1992-03,-10.7,
ESTAT:EI_BSCO_M(1.0),28/10/22 11:00:00,M,BS-CSMCI,SA,BAL,EA19,1992-04,-12.1,
ESTAT:EI_BSCO_M(1.0),28/10/22 11:00:00,M,BS-CSMCI,SA,BAL,EA19,1992-05,-12.8,
ESTAT:EI_BSCO_M(1.0),28/10/22 11:00:00,M,BS-CSMCI,SA,BAL,EA19,1992-06,-12.8,
ESTAT:EI_BSCO_M(1.0),28/10/22 11:00:00,M,BS-CSMCI,SA,BAL,EA19,1992-07,-12.5,
ESTAT:EI_BSCO_M(1.0),28/10/22 11:00:00,M,BS-CSMCI,SA,BAL,EA19,1992-08,-13.6,
ESTAT:EI_BSCO_M(1.0),28/10/22 11:00:00,M,BS-CSMCI,SA,BAL,EA19,1992-09,-15.4,
ESTAT:EI_BSCO_M(1.0),28/10/22 11:00:00,M,BS-CSMCI,SA,BAL,EA19,1992-10,-16.6,
ESTAT:EI_BSCO_M(1.0),28/10/22 11:00:00,M,BS-CSMCI,SA,BAL,EA19,1992-11,-17.2,
ESTAT:EI_BSCO_M(1.0),28/10/22 11:00:00,M,BS-CSMCI,SA,BAL,EA19,1992-12,-18.1,
ESTAT:EI_BSCO_M(1.0),28/10/22 11:00:00,M,BS-CSMCI,SA,BAL,EA19,1993-01,-18.9,
ESTAT:EI_BSCO_M(1.0),28/10/22 11:00:00,M,BS-CSMCI,SA,BAL,EA19,1993-02,-18.5,
ESTAT:EI_BSCO_M(1.0),28/10/22 11:00:00,M,BS-CSMCI,SA,BAL,EA19,1993-03,-19.0,
ESTAT:EI_BSCO_M(1.0),28/10/22 11:00:00,M,BS-CSMCI,SA,BAL,EA19,1993-04,-17.0,
ESTAT:EI_BSCO_M(1.0),28/10/22 11:00:00,M,BS-CSMCI,SA,BAL,EA19,1993-05,-17.2,
ESTAT:EI_BSCO_M(1.0),28/10/22 11:00:00,M,BS-CSMCI,SA,BAL,EA19,1993-06,-19.2,
ESTAT:EI_BSCO_M(1.0),28/10/22 11:00:00,M,BS-CSMCI,SA,BAL,EA19,1993-07,-19.1,
ESTAT:EI_BSCO_M(1.0),28/10/22 11:00:00,M,BS-CSMCI,SA,BAL,EA19,1993-08,-18.7,
ESTAT:EI_BSCO_M(1.0),28/10/22 11:00:00,M,BS-CSMCI,SA,BAL,EA19,1993-09,-18.1,
ESTAT:EI_BSCO_M(1.0),28/10/22 11:00:00,M,BS-CSMCI,SA,BAL,EA19,1993-10,-18.7,
ESTAT:EI_BSCO_M(1.0),28/10/22 11:00:00,M,BS-CSMCI,SA,BAL,EA19,1993-11,-19.1,
ESTAT:EI_BSCO_M(1.0),28/10/22 11:00:00,M,BS-CSMCI,SA,BAL,EA19,1993-12,-17.5,
ESTAT:EI_BSCO_M(1.0),28/10/22 11:00:00,M,BS-CSMCI,SA,BAL,EA19,1994-01,-17.8,
ESTAT:EI_BSCO_M(1.0),28/10/22 11:00:00,M,BS-CSMCI,SA,BAL,EA19,1994-02,-16.0,
ESTAT:EI_BSCO_M(1.0),28/10/22 11:00:00,M,BS-CSMCI,SA,BAL,EA19,1994-03,-14.4,
ESTAT:EI_BSCO_M(1.0),28/10/22 11:00:00,M,BS-CSMCI,SA,BAL,EA19,1994-04,-12.2,
ESTAT:EI_BSCO_M(1.0),28/10/22 11:00:00,M,BS-CSMCI,SA,BAL,EA19,1994-05,-10.0,
ESTAT:EI_BSCO_M(1.0),28/10/22 11:00:00,M,BS-CSMCI,SA,BAL,EA19,1994-06,-8.5,
ESTAT:EI_BSCO_M(1.0),28/10/22 11:00:00,M,BS-CSMCI,SA,BAL,EA19,1994-07,-8.6,
ESTAT:EI_BSCO_M(1.0),28/10/22 11:00:00,M,BS-CSMCI,SA,BAL,EA19,1994-08,-8.0,
ESTAT:EI_BSCO_M(1.0),28/10/22 11:00:00,M,BS-CSMCI,SA,BAL,EA19,1994-09,-7.1,
ESTAT:EI_BSCO_M(1.0),28/10/22 11:00:00,M,BS-CSMCI,SA,BAL,EA19,1994-10,-7.3,
ESTAT:EI_BSCO_M(1.0),28/10/22 11:00:00,M,BS-CSMCI,SA,BAL,EA19,1994-11,-7.7,
ESTAT:EI_BSCO_M(1.0),28/10/22 11:00:00,M,BS-CSMCI,SA,BAL,EA19,1994-12,-8.1,
ESTAT:EI_BSCO_M(1.0),28/10/22 11:00:00,M,BS-CSMCI,SA,BAL,EA19,1995-01,-8.4,
ESTAT:EI_BSCO_M(1.0),28/10/22 11:00:00,M,BS-CSMCI,SA,BAL,EA19,1995-02,-8.7,
ESTAT:EI_BSCO_M(1.0),28/10/22 11:00:00,M,BS-CSMCI,SA,BAL,EA19,1995-03,-8.8,
ESTAT:EI_BSCO_M(1.0),28/10/22 11:00:00,M,BS-CSMCI,SA,BAL,EA19,1995-04,-8.2,
ESTAT:EI_BSCO_M(1.0),28/10/22 11:00:00,M,BS-CSMCI,SA,BAL,EA19,1995-05,-7.5,
ESTAT:EI_BSCO_M(1.0),28/10/22 11:00:00,M,BS-CSMCI,SA,BAL,EA19,1995-06,-7.5,
ESTAT:EI_BSCO_M(1.0),28/10/22 11:00:00,M,BS-CSMCI,SA,BAL,EA19,1995-07,-8.0,
ESTAT:EI_BSCO_M(1.0),28/10/22 11:00:00,M,BS-CSMCI,SA,BAL,EA19,1995-08,-8.3,
ESTAT:EI_BSCO_M(1.0),28/10/22 11:00:00,M,BS-CSMCI,SA,BAL,EA19,1995-09,-9.5,
ESTAT:EI_BSCO_M(1.0),28/10/22 11:00:00,M,BS-CSMCI,SA,BAL,EA19,1995-10,-10.4,
ESTAT:EI_BSCO_M(1.0),28/10/22 11:00:00,M,BS-CSMCI,SA,BAL,EA19,1995-11,-10.6,
ESTAT:EI_BSCO_M(1.0),28/10/22 11:00:00,M,BS-CSMCI,SA,BAL,EA19,1995-12,-11.8,
ESTAT:EI_BSCO_M(1.0),28/10/22 11:00:00,M,BS-CSMCI,SA,BAL,EA19,1996-01,-12.5,
ESTAT:EI_BSCO_M(1.0),28/10/22 11:00:00,M,BS-CSMCI,SA,BAL,EA19,1996-02,-13.1,
ESTAT:EI_BSCO_M(1.0),28/10/22 11:00:00,M,BS-CSMCI,SA,BAL,EA19,1996-03,-12.3,
ESTAT:EI_BSCO_M(1.0),28/10/22 11:00:00,M,BS-CSMCI,SA,BAL,EA19,1996-04,-13.0,
ESTAT:EI_BSCO_M(1.0),28/10/22 11:00:00,M,BS-CSMCI,SA,BAL,EA19,1996-05,-12.3,
ESTAT:EI_BSCO_M(1.0),28/10/22 11:00:00,M,BS-CSMCI,SA,BAL,EA19,1996-06,-12.2,
ESTAT:EI_BSCO_M(1.0),28/10/22 11:00:00,M,BS-CSMCI,SA,BAL,EA19,1996-07,-13.0,
ESTAT:EI_BSCO_M(1.0),28/10/22 11:00:00,M,BS-CSMCI,SA,BAL,EA19,1996-08,-12.2,
ESTAT:EI_BSCO_M(1.0),28/10/22 11:00:00,M,BS-CSMCI,SA,BAL,EA19,1996-09,-12.4,
ESTAT:EI_BSCO_M(1.0),28/10/22 11:00:00,M,BS-CSMCI,SA,BAL,EA19,1996-10,-12.8,
ESTAT:EI_BSCO_M(1.0),28/10/22 11:00:00,M,BS-CSMCI,SA,BAL,EA19,1996-11,-13.2,
ESTAT:EI_BSCO_M(1.0),28/10/22 11:00:00,M,BS-CSMCI,SA,BAL,EA19,1996-12,-12.8,
ESTAT:EI_BSCO_M(1.0),28/10/22 11:00:00,M,BS-CSMCI,SA,BAL,EA19,1997-01,-11.6,
ESTAT:EI_BSCO_M(1.0),28/10/22 11:00:00,M,BS-CSMCI,SA,BAL,EA19,1997-02,-12.5,
ESTAT:EI_BSCO_M(1.0),28/10/22 11:00:00,M,BS-CSMCI,SA,BAL,EA19,1997-03,-12.3,
ESTAT:EI_BSCO_M(1.0),28/10/22 11:00:00,M,BS-CSMCI,SA,BAL,EA19,1997-04,-12.0,
ESTAT:EI_BSCO_M(1.0),28/10/22 11:00:00,M,BS-CSMCI,SA,BAL,EA19,1997-05,-11.4,
ESTAT:EI_BSCO_M(1.0),28/10/22 11:00:00,M,BS-CSMCI,SA,BAL,EA19,1997-06,-10.6,
ESTAT:EI_BSCO_M(1.0),28/10/22 11:00:00,M,BS-CSMCI,SA,BAL,EA19,1997-07,-9.9,
ESTAT:EI_BSCO_M(1.0),28/10/22 11:00:00,M,BS-CSMCI,SA,BAL,EA19,1997-08,-8.8,
ESTAT:EI_BSCO_M(1.0),28/10/22 11:00:00,M,BS-CSMCI,SA,BAL,EA19,1997-09,-8.0,
ESTAT:EI_BSCO_M(1.0),28/10/22 11:00:00,M,BS-CSMCI,SA,BAL,EA19,1997-10,-8.2,
ESTAT:EI_BSCO_M(1.0),28/10/22 11:00:00,M,BS-CSMCI,SA,BAL,EA19,1997-11,-7.8,
ESTAT:EI_BSCO_M(1.0),28/10/22 11:00:00,M,BS-CSMCI,SA,BAL,EA19,1997-12,-8.3,
ESTAT:EI_BSCO_M(1.0),28/10/22 11:00:00,M,BS-CSMCI,SA,BAL,EA19,1998-01,-8.4,
ESTAT:EI_BSCO_M(1.0),28/10/22 11:00:00,M,BS-CSMCI,SA,BAL,EA19,1998-02,-7.9,
ESTAT:EI_BSCO_M(1.0),28/10/22 11:00:00,M,BS-CSMCI,SA,BAL,EA19,1998-03,-6.4,
ESTAT:EI_BSCO_M(1.0),28/10/22 11:00:00,M,BS-CSMCI,SA,BAL,EA19,1998-04,-7.0,
ESTAT:EI_BSCO_M(1.0),28/10/22 11:00:00,M,BS-CSMCI,SA,BAL,EA19,1998-05,-6.1,
ESTAT:EI_BSCO_M(1.0),28/10/22 11:00:00,M,BS-CSMCI,SA,BAL,EA19,1998-06,-6.2,
ESTAT:EI_BSCO_M(1.0),28/10/22 11:00:00,M,BS-CSMCI,SA,BAL,EA19,1998-07,-4.3,
ESTAT:EI_BSCO_M(1.0),28/10/22 11:00:00,M,BS-CSMCI,SA,BAL,EA19,1998-08,-4.9,
ESTAT:EI_BSCO_M(1.0),28/10/22 11:00:00,M,BS-CSMCI,SA,BAL,EA19,1998-09,-4.8,
ESTAT:EI_BSCO_M(1.0),28/10/22 11:00:00,M,BS-CSMCI,SA,BAL,EA19,1998-10,-3.9,
ESTAT:EI_BSCO_M(1.0),28/10/22 11:00:00,M,BS-CSMCI,SA,BAL,EA19,1998-11,-3.4,
ESTAT:EI_BSCO_M(1.0),28/10/22 11:00:00,M,BS-CSMCI,SA,BAL,EA19,1998-12,-4.0,
ESTAT:EI_BSCO_M(1.0),28/10/22 11:00:00,M,BS-CSMCI,SA,BAL,EA19,1999-01,-3.7,
ESTAT:EI_BSCO_M(1.0),28/10/22 11:00:00,M,BS-CSMCI,SA,BAL,EA19,1999-02,-3.9,
ESTAT:EI_BSCO_M(1.0),28/10/22 11:00:00,M,BS-CSMCI,SA,BAL,EA19,1999-03,-5.1,
ESTAT:EI_BSCO_M(1.0),28/10/22 11:00:00,M,BS-CSMCI,SA,BAL,EA19,1999-04,-6.2,
ESTAT:EI_BSCO_M(1.0),28/10/22 11:00:00,M,BS-CSMCI,SA,BAL,EA19,1999-05,-6.5,
ESTAT:EI_BSCO_M(1.0),28/10/22 11:00:00,M,BS-CSMCI,SA,BAL,EA19,1999-06,-5.9,
ESTAT:EI_BSCO_M(1.0),28/10/22 11:00:00,M,BS-CSMCI,SA,BAL,EA19,1999-07,-5.2,
ESTAT:EI_BSCO_M(1.0),28/10/22 11:00:00,M,BS-CSMCI,SA,BAL,EA19,1999-08,-4.9,
ESTAT:EI_BSCO_M(1.0),28/10/22 11:00:00,M,BS-CSMCI,SA,BAL,EA19,1999-09,-4.7,
ESTAT:EI_BSCO_M(1.0),28/10/22 11:00:00,M,BS-CSMCI,SA,BAL,EA19,1999-10,-2.9,
ESTAT:EI_BSCO_M(1.0),28/10/22 11:00:00,M,BS-CSMCI,SA,BAL,EA19,1999-11,-2.7,
ESTAT:EI_BSCO_M(1.0),28/10/22 11:00:00,M,BS-CSMCI,SA,BAL,EA19,1999-12,-2.7,
ESTAT:EI_BSCO_M(1.0),28/10/22 11:00:00,M,BS-CSMCI,SA,BAL,EA19,2000-01,-1.8,
ESTAT:EI_BSCO_M(1.0),28/10/22 11:00:00,M,BS-CSMCI,SA,BAL,EA19,2000-02,-2.1,
ESTAT:EI_BSCO_M(1.0),28/10/22 11:00:00,M,BS-CSMCI,SA,BAL,EA19,2000-03,-1.8,
ESTAT:EI_BSCO_M(1.0),28/10/22 11:00:00,M,BS-CSMCI,SA,BAL,EA19,2000-04,-2.2,
ESTAT:EI_BSCO_M(1.0),28/10/22 11:00:00,M,BS-CSMCI,SA,BAL,EA19,2000-05,-1.9,
ESTAT:EI_BSCO_M(1.0),28/10/22 11:00:00,M,BS-CSMCI,SA,BAL,EA19,2000-06,-3.2,
ESTAT:EI_BSCO_M(1.0),28/10/22 11:00:00,M,BS-CSMCI,SA,BAL,EA19,2000-07,-2.2,
ESTAT:EI_BSCO_M(1.0),28/10/22 11:00:00,M,BS-CSMCI,SA,BAL,EA19,2000-08,-1.9,
ESTAT:EI_BSCO_M(1.0),28/10/22 11:00:00,M,BS-CSMCI,SA,BAL,EA19,2000-09,-5.0,
ESTAT:EI_BSCO_M(1.0),28/10/22 11:00:00,M,BS-CSMCI,SA,BAL,EA19,2000-10,-3.9,
ESTAT:EI_BSCO_M(1.0),28/10/22 11:00:00,M,BS-CSMCI,SA,BAL,EA19,2000-11,-3.0,
ESTAT:EI_BSCO_M(1.0),28/10/22 11:00:00,M,BS-CSMCI,SA,BAL,EA19,2000-12,-2.8,
ESTAT:EI_BSCO_M(1.0),28/10/22 11:00:00,M,BS-CSMCI,SA,BAL,EA19,2001-01,-2.7,
ESTAT:EI_BSCO_M(1.0),28/10/22 11:00:00,M,BS-CSMCI,SA,BAL,EA19,2001-02,-3.8,
ESTAT:EI_BSCO_M(1.0),28/10/22 11:00:00,M,BS-CSMCI,SA,BAL,EA19,2001-03,-3.6,
ESTAT:EI_BSCO_M(1.0),28/10/22 11:00:00,M,BS-CSMCI,SA,BAL,EA19,2001-04,-4.7,
ESTAT:EI_BSCO_M(1.0),28/10/22 11:00:00,M,BS-CSMCI,SA,BAL,EA19,2001-05,-5.3,
ESTAT:EI_BSCO_M(1.0),28/10/22 11:00:00,M,BS-CSMCI,SA,BAL,EA19,2001-06,-6.4,
ESTAT:EI_BSCO_M(1.0),28/10/22 11:00:00,M,BS-CSMCI,SA,BAL,EA19,2001-07,-6.4,
ESTAT:EI_BSCO_M(1.0),28/10/22 11:00:00,M,BS-CSMCI,SA,BAL,EA19,2001-08,-7.2,
ESTAT:EI_BSCO_M(1.0),28/10/22 11:00:00,M,BS-CSMCI,SA,BAL,EA19,2001-09,-7.9,
ESTAT:EI_BSCO_M(1.0),28/10/22 11:00:00,M,BS-CSMCI,SA,BAL,EA19,2001-10,-8.0,
ESTAT:EI_BSCO_M(1.0),28/10/22 11:00:00,M,BS-CSMCI,SA,BAL,EA19,2001-11,-8.4,
ESTAT:EI_BSCO_M(1.0),28/10/22 11:00:00,M,BS-CSMCI,SA,BAL,EA19,2001-12,-7.4,
ESTAT:EI_BSCO_M(1.0),28/10/22 11:00:00,M,BS-CSMCI,SA,BAL,EA19,2002-01,-7.0,
ESTAT:EI_BSCO_M(1.0),28/10/22 11:00:00,M,BS-CSMCI,SA,BAL,EA19,2002-02,-7.2,
ESTAT:EI_BSCO_M(1.0),28/10/22 11:00:00,M,BS-CSMCI,SA,BAL,EA19,2002-03,-7.0,
ESTAT:EI_BSCO_M(1.0),28/10/22 11:00:00,M,BS-CSMCI,SA,BAL,EA19,2002-04,-8.7,
ESTAT:EI_BSCO_M(1.0),28/10/22 11:00:00,M,BS-CSMCI,SA,BAL,EA19,2002-05,-8.4,
ESTAT:EI_BSCO_M(1.0),28/10/22 11:00:00,M,BS-CSMCI,SA,BAL,EA19,2002-06,-9.7,
ESTAT:EI_BSCO_M(1.0),28/10/22 11:00:00,M,BS-CSMCI,SA,BAL,EA19,2002-07,-9.4,
ESTAT:EI_BSCO_M(1.0),28/10/22 11:00:00,M,BS-CSMCI,SA,BAL,EA19,2002-08,-10.7,
ESTAT:EI_BSCO_M(1.0),28/10/22 11:00:00,M,BS-CSMCI,SA,BAL,EA19,2002-09,-10.7,
ESTAT:EI_BSCO_M(1.0),28/10/22 11:00:00,M,BS-CSMCI,SA,BAL,EA19,2002-10,-11.5,
ESTAT:EI_BSCO_M(1.0),28/10/22 11:00:00,M,BS-CSMCI,SA,BAL,EA19,2002-11,-13.0,
ESTAT:EI_BSCO_M(1.0),28/10/22 11:00:00,M,BS-CSMCI,SA,BAL,EA19,2002-12,-14.4,
ESTAT:EI_BSCO_M(1.0),28/10/22 11:00:00,M,BS-CSMCI,SA,BAL,EA19,2003-01,-14.8,
ESTAT:EI_BSCO_M(1.0),28/10/22 11:00:00,M,BS-CSMCI,SA,BAL,EA19,2003-02,-15.4,
ESTAT:EI_BSCO_M(1.0),28/10/22 11:00:00,M,BS-CSMCI,SA,BAL,EA19,2003-03,-16.2,
ESTAT:EI_BSCO_M(1.0),28/10/22 11:00:00,M,BS-CSMCI,SA,BAL,EA19,2003-04,-15.0,
ESTAT:EI_BSCO_M(1.0),28/10/22 11:00:00,M,BS-CSMCI,SA,BAL,EA19,2003-05,-14.5,
ESTAT:EI_BSCO_M(1.0),28/10/22 11:00:00,M,BS-CSMCI,SA,BAL,EA19,2003-06,-13.6,
ESTAT:EI_BSCO_M(1.0),28/10/22 11:00:00,M,BS-CSMCI,SA,BAL,EA19,2003-07,-13.0,
ESTAT:EI_BSCO_M(1.0),28/10/22 11:00:00,M,BS-CSMCI,SA,BAL,EA19,2003-08,-13.6,
ESTAT:EI_BSCO_M(1.0),28/10/22 11:00:00,M,BS-CSMCI,SA,BAL,EA19,2003-09,-13.4,
ESTAT:EI_BSCO_M(1.0),28/10/22 11:00:00,M,BS-CSMCI,SA,BAL,EA19,2003-10,-13.1,
ESTAT:EI_BSCO_M(1.0),28/10/22 11:00:00,M,BS-CSMCI,SA,BAL,EA19,2003-11,-12.2,
ESTAT:EI_BSCO_M(1.0),28/10/22 11:00:00,M,BS-CSMCI,SA,BAL,EA19,2003-12,-12.7,
ESTAT:EI_BSCO_M(1.0),28/10/22 11:00:00,M,BS-CSMCI,SA,BAL,EA19,2004-01,-12.9,
ESTAT:EI_BSCO_M(1.0),28/10/22 11:00:00,M,BS-CSMCI,SA,BAL,EA19,2004-02,-11.9,
ESTAT:EI_BSCO_M(1.0),28/10/22 11:00:00,M,BS-CSMCI,SA,BAL,EA19,2004-03,-11.7,
ESTAT:EI_BSCO_M(1.0),28/10/22 11:00:00,M,BS-CSMCI,SA,BAL,EA19,2004-04,-12.5,
ESTAT:EI_BSCO_M(1.0),28/10/22 11:00:00,M,BS-CSMCI,SA,BAL,EA19,2004-05,-12.7,
ESTAT:EI_BSCO_M(1.0),28/10/22 11:00:00,M,BS-CSMCI,SA,BAL,EA19,2004-06,-12.5,
ESTAT:EI_BSCO_M(1.0),28/10/22 11:00:00,M,BS-CSMCI,SA,BAL,EA19,2004-07,-12.3,
ESTAT:EI_BSCO_M(1.0),28/10/22 11:00:00,M,BS-CSMCI,SA,BAL,EA19,2004-08,-12.1,
ESTAT:EI_BSCO_M(1.0),28/10/22 11:00:00,M,BS-CSMCI,SA,BAL,EA19,2004-09,-11.7,
ESTAT:EI_BSCO_M(1.0),28/10/22 11:00:00,M,BS-CSMCI,SA,BAL,EA19,2004-10,-11.4,
ESTAT:EI_BSCO_M(1.0),28/10/22 11:00:00,M,BS-CSMCI,SA,BAL,EA19,2004-11,-12.1,
ESTAT:EI_BSCO_M(1.0),28/10/22 11:00:00,M,BS-CSMCI,SA,BAL,EA19,2004-12,-11.6,
ESTAT:EI_BSCO_M(1.0),28/10/22 11:00:00,M,BS-CSMCI,SA,BAL,EA19,2005-01,-11.0,
ESTAT:EI_BSCO_M(1.0),28/10/22 11:00:00,M,BS-CSMCI,SA,BAL,EA19,2005-02,-10.8,
ESTAT:EI_BSCO_M(1.0),28/10/22 11:00:00,M,BS-CSMCI,SA,BAL,EA19,2005-03,-10.7,
ESTAT:EI_BSCO_M(1.0),28/10/22 11:00:00,M,BS-CSMCI,SA,BAL,EA19,2005-04,-11.4,
ESTAT:EI_BSCO_M(1.0),28/10/22 11:00:00,M,BS-CSMCI,SA,BAL,EA19,2005-05,-12.8,
ESTAT:EI_BSCO_M(1.0),28/10/22 11:00:00,M,BS-CSMCI,SA,BAL,EA19,2005-06,-13.1,
ESTAT:EI_BSCO_M(1.0),28/10/22 11:00:00,M,BS-CSMCI,SA,BAL,EA19,2005-07,-13.3,
ESTAT:EI_BSCO_M(1.0),28/10/22 11:00:00,M,BS-CSMCI,SA,BAL,EA19,2005-08,-12.4,
ESTAT:EI_BSCO_M(1.0),28/10/22 11:00:00,M,BS-CSMCI,SA,BAL,EA19,2005-09,-12.9,
ESTAT:EI_BSCO_M(1.0),28/10/22 11:00:00,M,BS-CSMCI,SA,BAL,EA19,2005-10,-12.4,
ESTAT:EI_BSCO_M(1.0),28/10/22 11:00:00,M,BS-CSMCI,SA,BAL,EA19,2005-11,-12.6,
ESTAT:EI_BSCO_M(1.0),28/10/22 11:00:00,M,BS-CSMCI,SA,BAL,EA19,2005-12,-10.7,
ESTAT:EI_BSCO_M(1.0),28/10/22 11:00:00,M,BS-CSMCI,SA,BAL,EA19,2006-01,-9.6,
ESTAT:EI_BSCO_M(1.0),28/10/22 11:00:00,M,BS-CSMCI,SA,BAL,EA19,2006-02,-10.0,
ESTAT:EI_BSCO_M(1.0),28/10/22 11:00:00,M,BS-CSMCI,SA,BAL,EA19,2006-03,-9.6,
ESTAT:EI_BSCO_M(1.0),28/10/22 11:00:00,M,BS-CSMCI,SA,BAL,EA19,2006-04,-9.0,
ESTAT:EI_BSCO_M(1.0),28/10/22 11:00:00,M,BS-CSMCI,SA,BAL,EA19,2006-05,-9.3,
ESTAT:EI_BSCO_M(1.0),28/10/22 11:00:00,M,BS-CSMCI,SA,BAL,EA19,2006-06,-10.1,
ESTAT:EI_BSCO_M(1.0),28/10/22 11:00:00,M,BS-CSMCI,SA,BAL,EA19,2006-07,-9.1,
ESTAT:EI_BSCO_M(1.0),28/10/22 11:00:00,M,BS-CSMCI,SA,BAL,EA19,2006-08,-9.1,
ESTAT:EI_BSCO_M(1.0),28/10/22 11:00:00,M,BS-CSMCI,SA,BAL,EA19,2006-09,-8.7,
ESTAT:EI_BSCO_M(1.0),28/10/22 11:00:00,M,BS-CSMCI,SA,BAL,EA19,2006-10,-8.7,
ESTAT:EI_BSCO_M(1.0),28/10/22 11:00:00,M,BS-CSMCI,SA,BAL,EA19,2006-11,-8.3,
ESTAT:EI_BSCO_M(1.0),28/10/22 11:00:00,M,BS-CSMCI,SA,BAL,EA19,2006-12,-6.9,
ESTAT:EI_BSCO_M(1.0),28/10/22 11:00:00,M,BS-CSMCI,SA,BAL,EA19,2007-01,-7.9,
ESTAT:EI_BSCO_M(1.0),28/10/22 11:00:00,M,BS-CSMCI,SA,BAL,EA19,2007-02,-7.1,
ESTAT:EI_BSCO_M(1.0),28/10/22 11:00:00,M,BS-CSMCI,SA,BAL,EA19,2007-03,-6.5,
ESTAT:EI_BSCO_M(1.0),28/10/22 11:00:00,M,BS-CSMCI,SA,BAL,EA19,2007-04,-6.6,
ESTAT:EI_BSCO_M(1.0),28/10/22 11:00:00,M,BS-CSMCI,SA,BAL,EA19,2007-05,-5.4,
ESTAT:EI_BSCO_M(1.0),28/10/22 11:00:00,M,BS-CSMCI,SA,BAL,EA19,2007-06,-6.0,
ESTAT:EI_BSCO_M(1.0),28/10/22 11:00:00,M,BS-CSMCI,SA,BAL,EA19,2007-07,-5.7,
ESTAT:EI_BSCO_M(1.0),28/10/22 11:00:00,M,BS-CSMCI,SA,BAL,EA19,2007-08,-7.5,
ESTAT:EI_BSCO_M(1.0),28/10/22 11:00:00,M,BS-CSMCI,SA,BAL,EA19,2007-09,-9.1,
ESTAT:EI_BSCO_M(1.0),28/10/22 11:00:00,M,BS-CSMCI,SA,BAL,EA19,2007-10,-9.2,
ESTAT:EI_BSCO_M(1.0),28/10/22 11:00:00,M,BS-CSMCI,SA,BAL,EA19,2007-11,-11.8,
ESTAT:EI_BSCO_M(1.0),28/10/22 11:00:00,M,BS-CSMCI,SA,BAL,EA19,2007-12,-11.9,
ESTAT:EI_BSCO_M(1.0),28/10/22 11:00:00,M,BS-CSMCI,SA,BAL,EA19,2008-01,-13.9,
ESTAT:EI_BSCO_M(1.0),28/10/22 11:00:00,M,BS-CSMCI,SA,BAL,EA19,2008-02,-14.0,
ESTAT:EI_BSCO_M(1.0),28/10/22 11:00:00,M,BS-CSMCI,SA,BAL,EA19,2008-03,-14.0,
ESTAT:EI_BSCO_M(1.0),28/10/22 11:00:00,M,BS-CSMCI,SA,BAL,EA19,2008-04,-14.8,
ESTAT:EI_BSCO_M(1.0),28/10/22 11:00:00,M,BS-CSMCI,SA,BAL,EA19,2008-05,-16.1,
ESTAT:EI_BSCO_M(1.0),28/10/22 11:00:00,M,BS-CSMCI,SA,BAL,EA19,2008-06,-19.6,
ESTAT:EI_BSCO_M(1.0),28/10/22 11:00:00,M,BS-CSMCI,SA,BAL,EA19,2008-07,-21.5,
ESTAT:EI_BSCO_M(1.0),28/10/22 11:00:00,M,BS-CSMCI,SA,BAL,EA19,2008-08,-19.7,
ESTAT:EI_BSCO_M(1.0),28/10/22 11:00:00,M,BS-CSMCI,SA,BAL,EA19,2008-09,-18.4,
ESTAT:EI_BSCO_M(1.0),28/10/22 11:00:00,M,BS-CSMCI,SA,BAL,EA19,2008-10,-20.9,
ESTAT:EI_BSCO_M(1.0),28/10/22 11:00:00,M,BS-CSMCI,SA,BAL,EA19,2008-11,-20.6,
ESTAT:EI_BSCO_M(1.0),28/10/22 11:00:00,M,BS-CSMCI,SA,BAL,EA19,2008-12,-21.8,
ESTAT:EI_BSCO_M(1.0),28/10/22 11:00:00,M,BS-CSMCI,SA,BAL,EA19,2009-01,-21.4,
ESTAT:EI_BSCO_M(1.0),28/10/22 11:00:00,M,BS-CSMCI,SA,BAL,EA19,2009-02,-22.4,
ESTAT:EI_BSCO_M(1.0),28/10/22 11:00:00,M,BS-CSMCI,SA,BAL,EA19,2009-03,-22.3,
ESTAT:EI_BSCO_M(1.0),28/10/22 11:00:00,M,BS-CSMCI,SA,BAL,EA19,2009-04,-19.9,
ESTAT:EI_BSCO_M(1.0),28/10/22 11:00:00,M,BS-CSMCI,SA,BAL,EA19,2009-05,-18.6,
ESTAT:EI_BSCO_M(1.0),28/10/22 11:00:00,M,BS-CSMCI,SA,BAL,EA19,2009-06,-17.4,
ESTAT:EI_BSCO_M(1.0),28/10/22 11:00:00,M,BS-CSMCI,SA,BAL,EA19,2009-07,-15.6,
ESTAT:EI_BSCO_M(1.0),28/10/22 11:00:00,M,BS-CSMCI,SA,BAL,EA19,2009-08,-14.4,
ESTAT:EI_BSCO_M(1.0),28/10/22 11:00:00,M,BS-CSMCI,SA,BAL,EA19,2009-09,-12.6,
ESTAT:EI_BSCO_M(1.0),28/10/22 11:00:00,M,BS-CSMCI,SA,BAL,EA19,2009-10,-11.6,
ESTAT:EI_BSCO_M(1.0),28/10/22 11:00:00,M,BS-CSMCI,SA,BAL,EA19,2009-11,-11.6,
ESTAT:EI_BSCO_M(1.0),28/10/22 11:00:00,M,BS-CSMCI,SA,BAL,EA19,2009-12,-11.2,
ESTAT:EI_BSCO_M(1.0),28/10/22 11:00:00,M,BS-CSMCI,SA,BAL,EA19,2010-01,-11.9,
ESTAT:EI_BSCO_M(1.0),28/10/22 11:00:00,M,BS-CSMCI,SA,BAL,EA19,2010-02,-13.8,
ESTAT:EI_BSCO_M(1.0),28/10/22 11:00:00,M,BS-CSMCI,SA,BAL,EA19,2010-03,-14.0,
ESTAT:EI_BSCO_M(1.0),28/10/22 11:00:00,M,BS-CSMCI,SA,BAL,EA19,2010-04,-12.8,
ESTAT:EI_BSCO_M(1.0),28/10/22 11:00:00,M,BS-CSMCI,SA,BAL,EA19,2010-05,-16.1,
ESTAT:EI_BSCO_M(1.0),28/10/22 11:00:00,M,BS-CSMCI,SA,BAL,EA19,2010-06,-16.8,
ESTAT:EI_BSCO_M(1.0),28/10/22 11:00:00,M,BS-CSMCI,SA,BAL,EA19,2010-07,-14.7,
ESTAT:EI_BSCO_M(1.0),28/10/22 11:00:00,M,BS-CSMCI,SA,BAL,EA19,2010-08,-12.3,
ESTAT:EI_BSCO_M(1.0),28/10/22 11:00:00,M,BS-CSMCI,SA,BAL,EA19,2010-09,-12.1,
ESTAT:EI_BSCO_M(1.0),28/10/22 11:00:00,M,BS-CSMCI,SA,BAL,EA19,2010-10,-12.6,
ESTAT:EI_BSCO_M(1.0),28/10/22 11:00:00,M,BS-CSMCI,SA,BAL,EA19,2010-11,-11.3,
ESTAT:EI_BSCO_M(1.0),28/10/22 11:00:00,M,BS-CSMCI,SA,BAL,EA19,2010-12,-12.5,
ESTAT:EI_BSCO_M(1.0),28/10/22 11:00:00,M,BS-CSMCI,SA,BAL,EA19,2011-01,-13.5,
ESTAT:EI_BSCO_M(1.0),28/10/22 11:00:00,M,BS-CSMCI,SA,BAL,EA19,2011-02,-12.9,
ESTAT:EI_BSCO_M(1.0),28/10/22 11:00:00,M,BS-CSMCI,SA,BAL,EA19,2011-03,-13.5,
ESTAT:EI_BSCO_M(1.0),28/10/22 11:00:00,M,BS-CSMCI,SA,BAL,EA19,2011-04,-14.6,
ESTAT:EI_BSCO_M(1.0),28/10/22 11:00:00,M,BS-CSMCI,SA,BAL,EA19,2011-05,-14.7,
ESTAT:EI_BSCO_M(1.0),28/10/22 11:00:00,M,BS-CSMCI,SA,BAL,EA19,2011-06,-14.1,
ESTAT:EI_BSCO_M(1.0),28/10/22 11:00:00,M,BS-CSMCI,SA,BAL,EA19,2011-07,-14.0,
ESTAT:EI_BSCO_M(1.0),28/10/22 11:00:00,M,BS-CSMCI,SA,BAL,EA19,2011-08,-16.7,
ESTAT:EI_BSCO_M(1.0),28/10/22 11:00:00,M,BS-CSMCI,SA,BAL,EA19,2011-09,-17.4,
ESTAT:EI_BSCO_M(1.0),28/10/22 11:00:00,M,BS-CSMCI,SA,BAL,EA19,2011-10,-18.5,
ESTAT:EI_BSCO_M(1.0),28/10/22 11:00:00,M,BS-CSMCI,SA,BAL,EA19,2011-11,-17.7,
ESTAT:EI_BSCO_M(1.0),28/10/22 11:00:00,M,BS-CSMCI,SA,BAL,EA19,2011-12,-18.6,
ESTAT:EI_BSCO_M(1.0),28/10/22 11:00:00,M,BS-CSMCI,SA,BAL,EA19,2012-01,-18.9,
ESTAT:EI_BSCO_M(1.0),28/10/22 11:00:00,M,BS-CSMCI,SA,BAL,EA19,2012-02,-18.0,
ESTAT:EI_BSCO_M(1.0),28/10/22 11:00:00,M,BS-CSMCI,SA,BAL,EA19,2012-03,-16.9,
ESTAT:EI_BSCO_M(1.0),28/10/22 11:00:00,M,BS-CSMCI,SA,BAL,EA19,2012-04,-18.0,
ESTAT:EI_BSCO_M(1.0),28/10/22 11:00:00,M,BS-CSMCI,SA,BAL,EA19,2012-05,-18.4,
ESTAT:EI_BSCO_M(1.0),28/10/22 11:00:00,M,BS-CSMCI,SA,BAL,EA19,2012-06,-18.4,
ESTAT:EI_BSCO_M(1.0),28/10/22 11:00:00,M,BS-CSMCI,SA,BAL,EA19,2012-07,-18.7,
ESTAT:EI_BSCO_M(1.0),28/10/22 11:00:00,M,BS-CSMCI,SA,BAL,EA19,2012-08,-19.4,
ESTAT:EI_BSCO_M(1.0),28/10/22 11:00:00,M,BS-CSMCI,SA,BAL,EA19,2012-09,-21.0,
ESTAT:EI_BSCO_M(1.0),28/10/22 11:00:00,M,BS-CSMCI,SA,BAL,EA19,2012-10,-20.5,
ESTAT:EI_BSCO_M(1.0),28/10/22 11:00:00,M,BS-CSMCI,SA,BAL,EA19,2012-11,-20.7,
ESTAT:EI_BSCO_M(1.0),28/10/22 11:00:00,M,BS-CSMCI,SA,BAL,EA19,2012-12,-21.4,
ESTAT:EI_BSCO_M(1.0),28/10/22 11:00:00,M,BS-CSMCI,SA,BAL,EA19,2013-01,-19.8,
ESTAT:EI_BSCO_M(1.0),28/10/22 11:00:00,M,BS-CSMCI,SA,BAL,EA19,2013-02,-19.4,
ESTAT:EI_BSCO_M(1.0),28/10/22 11:00:00,M,BS-CSMCI,SA,BAL,EA19,2013-03,-19.3,
ESTAT:EI_BSCO_M(1.0),28/10/22 11:00:00,M,BS-CSMCI,SA,BAL,EA19,2013-04,-18.6,
ESTAT:EI_BSCO_M(1.0),28/10/22 11:00:00,M,BS-CSMCI,SA,BAL,EA19,2013-05,-19.4,
ESTAT:EI_BSCO_M(1.0),28/10/22 11:00:00,M,BS-CSMCI,SA,BAL,EA19,2013-06,-18.5,
ESTAT:EI_BSCO_M(1.0),28/10/22 11:00:00,M,BS-CSMCI,SA,BAL,EA19,2013-07,-17.5,
ESTAT:EI_BSCO_M(1.0),28/10/22 11:00:00,M,BS-CSMCI,SA,BAL,EA19,2013-08,-16.3,
ESTAT:EI_BSCO_M(1.0),28/10/22 11:00:00,M,BS-CSMCI,SA,BAL,EA19,2013-09,-14.4,
ESTAT:EI_BSCO_M(1.0),28/10/22 11:00:00,M,BS-CSMCI,SA,BAL,EA19,2013-10,-15.0,
ESTAT:EI_BSCO_M(1.0),28/10/22 11:00:00,M,BS-CSMCI,SA,BAL,EA19,2013-11,-14.3,
ESTAT:EI_BSCO_M(1.0),28/10/22 11:00:00,M,BS-CSMCI,SA,BAL,EA19,2013-12,-13.8,
ESTAT:EI_BSCO_M(1.0),28/10/22 11:00:00,M,BS-CSMCI,SA,BAL,EA19,2014-01,-13.0,
ESTAT:EI_BSCO_M(1.0),28/10/22 11:00:00,M,BS-CSMCI,SA,BAL,EA19,2014-02,-12.7,
ESTAT:EI_BSCO_M(1.0),28/10/22 11:00:00,M,BS-CSMCI,SA,BAL,EA19,2014-03,-11.2,
ESTAT:EI_BSCO_M(1.0),28/10/22 11:00:00,M,BS-CSMCI,SA,BAL,EA19,2014-04,-11.3,
ESTAT:EI_BSCO_M(1.0),28/10/22 11:00:00,M,BS-CSMCI,SA,BAL,EA19,2014-05,-10.9,
ESTAT:EI_BSCO_M(1.0),28/10/22 11:00:00,M,BS-CSMCI,SA,BAL,EA19,2014-06,-10.9,
ESTAT:EI_BSCO_M(1.0),28/10/22 11:00:00,M,BS-CSMCI,SA,BAL,EA19,2014-07,-10.8,
ESTAT:EI_BSCO_M(1.0),28/10/22 11:00:00,M,BS-CSMCI,SA,BAL,EA19,2014-08,-12.3,
ESTAT:EI_BSCO_M(1.0),28/10/22 11:00:00,M,BS-CSMCI,SA,BAL,EA19,2014-09,-12.8,
ESTAT:EI_BSCO_M(1.0),28/10/22 11:00:00,M,BS-CSMCI,SA,BAL,EA19,2014-10,-12.2,
ESTAT:EI_BSCO_M(1.0),28/10/22 11:00:00,M,BS-CSMCI,SA,BAL,EA19,2014-11,-12.4,
ESTAT:EI_BSCO_M(1.0),28/10/22 11:00:00,M,BS-CSMCI,SA,BAL,EA19,2014-12,-11.7,
ESTAT:EI_BSCO_M(1.0),28/10/22 11:00:00,M,BS-CSMCI,SA,BAL,EA19,2015-01,-10.2,
ESTAT:EI_BSCO_M(1.0),28/10/22 11:00:00,M,BS-CSMCI,SA,BAL,EA19,2015-02,-7.9,
ESTAT:EI_BSCO_M(1.0),28/10/22 11:00:00,M,BS-CSMCI,SA,BAL,EA19,2015-03,-6.3,
ESTAT:EI_BSCO_M(1.0),28/10/22 11:00:00,M,BS-CSMCI,SA,BAL,EA19,2015-04,-6.6,
ESTAT:EI_BSCO_M(1.0),28/10/22 11:00:00,M,BS-CSMCI,SA,BAL,EA19,2015-05,-7.6,
ESTAT:EI_BSCO_M(1.0),28/10/22 11:00:00,M,BS-CSMCI,SA,BAL,EA19,2015-06,-8.0,
ESTAT:EI_BSCO_M(1.0),28/10/22 11:00:00,M,BS-CSMCI,SA,BAL,EA19,2015-07,-9.0,
ESTAT:EI_BSCO_M(1.0),28/10/22 11:00:00,M,BS-CSMCI,SA,BAL,EA19,2015-08,-8.2,
ESTAT:EI_BSCO_M(1.0),28/10/22 11:00:00,M,BS-CSMCI,SA,BAL,EA19,2015-09,-8.0,
ESTAT:EI_BSCO_M(1.0),28/10/22 11:00:00,M,BS-CSMCI,SA,BAL,EA19,2015-10,-7.8,
ESTAT:EI_BSCO_M(1.0),28/10/22 11:00:00,M,BS-CSMCI,SA,BAL,EA19,2015-11,-7.0,
ESTAT:EI_BSCO_M(1.0),28/10/22 11:00:00,M,BS-CSMCI,SA,BAL,EA19,2015-12,-6.4,
ESTAT:EI_BSCO_M(1.0),28/10/22 11:00:00,M,BS-CSMCI,SA,BAL,EA19,2016-01,-6.7,
ESTAT:EI_BSCO_M(1.0),28/10/22 11:00:00,M,BS-CSMCI,SA,BAL,EA19,2016-02,-7.7,
ESTAT:EI_BSCO_M(1.0),28/10/22 11:00:00,M,BS-CSMCI,SA,BAL,EA19,2016-03,-8.5,
ESTAT:EI_BSCO_M(1.0),28/10/22 11:00:00,M,BS-CSMCI,SA,BAL,EA19,2016-04,-8.2,
ESTAT:EI_BSCO_M(1.0),28/10/22 11:00:00,M,BS-CSMCI,SA,BAL,EA19,2016-05,-8.5,
ESTAT:EI_BSCO_M(1.0),28/10/22 11:00:00,M,BS-CSMCI,SA,BAL,EA19,2016-06,-8.0,
ESTAT:EI_BSCO_M(1.0),28/10/22 11:00:00,M,BS-CSMCI,SA,BAL,EA19,2016-07,-8.5,
ESTAT:EI_BSCO_M(1.0),28/10/22 11:00:00,M,BS-CSMCI,SA,BAL,EA19,2016-08,-8.5,
ESTAT:EI_BSCO_M(1.0),28/10/22 11:00:00,M,BS-CSMCI,SA,BAL,EA19,2016-09,-8.6,
ESTAT:EI_BSCO_M(1.0),28/10/22 11:00:00,M,BS-CSMCI,SA,BAL,EA19,2016-10,-7.6,
ESTAT:EI_BSCO_M(1.0),28/10/22 11:00:00,M,BS-CSMCI,SA,BAL,EA19,2016-11,-6.8,
ESTAT:EI_BSCO_M(1.0),28/10/22 11:00:00,M,BS-CSMCI,SA,BAL,EA19,2016-12,-6.4,
ESTAT:EI_BSCO_M(1.0),28/10/22 11:00:00,M,BS-CSMCI,SA,BAL,EA19,2017-01,-6.2,
ESTAT:EI_BSCO_M(1.0),28/10/22 11:00:00,M,BS-CSMCI,SA,BAL,EA19,2017-02,-7.6,
ESTAT:EI_BSCO_M(1.0),28/10/22 11:00:00,M,BS-CSMCI,SA,BAL,EA19,2017-03,-6.3,
ESTAT:EI_BSCO_M(1.0),28/10/22 11:00:00,M,BS-CSMCI,SA,BAL,EA19,2017-04,-5.8,
ESTAT:EI_BSCO_M(1.0),28/10/22 11:00:00,M,BS-CSMCI,SA,BAL,EA19,2017-05,-5.9,
ESTAT:EI_BSCO_M(1.0),28/10/22 11:00:00,M,BS-CSMCI,SA,BAL,EA19,2017-06,-4.8,
ESTAT:EI_BSCO_M(1.0),28/10/22 11:00:00,M,BS-CSMCI,SA,BAL,EA19,2017-07,-4.5,
ESTAT:EI_BSCO_M(1.0),28/10/22 11:00:00,M,BS-CSMCI,SA,BAL,EA19,2017-08,-4.5,
ESTAT:EI_BSCO_M(1.0),28/10/22 11:00:00,M,BS-CSMCI,SA,BAL,EA19,2017-09,-4.4,
ESTAT:EI_BSCO_M(1.0),28/10/22 11:00:00,M,BS-CSMCI,SA,BAL,EA19,2017-10,-3.6,
ESTAT:EI_BSCO_M(1.0),28/10/22 11:00:00,M,BS-CSMCI,SA,BAL,EA19,2017-11,-3.2,
ESTAT:EI_BSCO_M(1.0),28/10/22 11:00:00,M,BS-CSMCI,SA,BAL,EA19,2017-12,-2.6,
ESTAT:EI_BSCO_M(1.0),28/10/22 11:00:00,M,BS-CSMCI,SA,BAL,EA19,2018-01,-2.9,
ESTAT:EI_BSCO_M(1.0),28/10/22 11:00:00,M,BS-CSMCI,SA,BAL,EA19,2018-02,-3.7,
ESTAT:EI_BSCO_M(1.0),28/10/22 11:00:00,M,BS-CSMCI,SA,BAL,EA19,2018-03,-4.0,
ESTAT:EI_BSCO_M(1.0),28/10/22 11:00:00,M,BS-CSMCI,SA,BAL,EA19,2018-04,-4.0,
ESTAT:EI_BSCO_M(1.0),28/10/22 11:00:00,M,BS-CSMCI,SA,BAL,EA19,2018-05,-5.2,
ESTAT:EI_BSCO_M(1.0),28/10/22 11:00:00,M,BS-CSMCI,SA,BAL,EA19,2018-06,-5.0,
ESTAT:EI_BSCO_M(1.0),28/10/22 11:00:00,M,BS-CSMCI,SA,BAL,EA19,2018-07,-5.0,
ESTAT:EI_BSCO_M(1.0),28/10/22 11:00:00,M,BS-CSMCI,SA,BAL,EA19,2018-08,-5.4,
ESTAT:EI_BSCO_M(1.0),28/10/22 11:00:00,M,BS-CSMCI,SA,BAL,EA19,2018-09,-6.3,
ESTAT:EI_BSCO_M(1.0),28/10/22 11:00:00,M,BS-CSMCI,SA,BAL,EA19,2018-10,-5.5,
ESTAT:EI_BSCO_M(1.0),28/10/22 11:00:00,M,BS-CSMCI,SA,BAL,EA19,2018-11,-6.0,
ESTAT:EI_BSCO_M(1.0),28/10/22 11:00:00,M,BS-CSMCI,SA,BAL,EA19,2018-12,-7.5,
ESTAT:EI_BSCO_M(1.0),28/10/22 11:00:00,M,BS-CSMCI,SA,BAL,EA19,2019-01,-6.8,
ESTAT:EI_BSCO_M(1.0),28/10/22 11:00:00,M,BS-CSMCI,SA,BAL,EA19,2019-02,-6.8,
ESTAT:EI_BSCO_M(1.0),28/10/22 11:00:00,M,BS-CSMCI,SA,BAL,EA19,2019-03,-6.0,
ESTAT:EI_BSCO_M(1.0),28/10/22 11:00:00,M,BS-CSMCI,SA,BAL,EA19,2019-04,-6.7,
ESTAT:EI_BSCO_M(1.0),28/10/22 11:00:00,M,BS-CSMCI,SA,BAL,EA19,2019-05,-6.2,
ESTAT:EI_BSCO_M(1.0),28/10/22 11:00:00,M,BS-CSMCI,SA,BAL,EA19,2019-06,-6.8,
ESTAT:EI_BSCO_M(1.0),28/10/22 11:00:00,M,BS-CSMCI,SA,BAL,EA19,2019-07,-6.2,
ESTAT:EI_BSCO_M(1.0),28/10/22 11:00:00,M,BS-CSMCI,SA,BAL,EA19,2019-08,-7.2,
ESTAT:EI_BSCO_M(1.0),28/10/22 11:00:00,M,BS-CSMCI,SA,BAL,EA19,2019-09,-6.9,
ESTAT:EI_BSCO_M(1.0),28/10/22 11:00:00,M,BS-CSMCI,SA,BAL,EA19,2019-10,-7.3,
ESTAT:EI_BSCO_M(1.0),28/10/22 11:00:00,M,BS-CSMCI,SA,BAL,EA19,2019-11,-6.7,
ESTAT:EI_BSCO_M(1.0),28/10/22 11:00:00,M,BS-CSMCI,SA,BAL,EA19,2019-12,-7.8,
ESTAT:EI_BSCO_M(1.0),28/10/22 11:00:00,M,BS-CSMCI,SA,BAL,EA19,2020-01,-7.4,
ESTAT:EI_BSCO_M(1.0),28/10/22 11:00:00,M,BS-CSMCI,SA,BAL,EA19,2020-02,-6.4,
ESTAT:EI_BSCO_M(1.0),28/10/22 11:00:00,M,BS-CSMCI,SA,BAL,EA19,2020-03,-12.1,
ESTAT:EI_BSCO_M(1.0),28/10/22 11:00:00,M,BS-CSMCI,SA,BAL,EA19,2020-04,-24.5,
ESTAT:EI_BSCO_M(1.0),28/10/22 11:00:00,M,BS-CSMCI,SA,BAL,EA19,2020-05,-20.3,
ESTAT:EI_BSCO_M(1.0),28/10/22 11:00:00,M,BS-CSMCI,SA,BAL,EA19,2020-06,-14.3,
ESTAT:EI_BSCO_M(1.0),28/10/22 11:00:00,M,BS-CSMCI,SA,BAL,EA19,2020-07,-14.4,
ESTAT:EI_BSCO_M(1.0),28/10/22 11:00:00,M,BS-CSMCI,SA,BAL,EA19,2020-08,-14.2,
ESTAT:EI_BSCO_M(1.0),28/10/22 11:00:00,M,BS-CSMCI,SA,BAL,EA19,2020-09,-12.9,
ESTAT:EI_BSCO_M(1.0),28/10/22 11:00:00,M,BS-CSMCI,SA,BAL,EA19,2020-10,-14.6,
ESTAT:EI_BSCO_M(1.0),28/10/22 11:00:00,M,BS-CSMCI,SA,BAL,EA19,2020-11,-16.7,
ESTAT:EI_BSCO_M(1.0),28/10/22 11:00:00,M,BS-CSMCI,SA,BAL,EA19,2020-12,-12.2,
ESTAT:EI_BSCO_M(1.0),28/10/22 11:00:00,M,BS-CSMCI,SA,BAL,EA19,2021-01,-14.0,
ESTAT:EI_BSCO_M(1.0),28/10/22 11:00:00,M,BS-CSMCI,SA,BAL,EA19,2021-02,-13.3,
ESTAT:EI_BSCO_M(1.0),28/10/22 11:00:00,M,BS-CSMCI,SA,BAL,EA19,2021-03,-9.6,
ESTAT:EI_BSCO_M(1.0),28/10/22 11:00:00,M,BS-CSMCI,SA,BAL,EA19,2021-04,-9.7,
ESTAT:EI_BSCO_M(1.0),28/10/22 11:00:00,M,BS-CSMCI,SA,BAL,EA19,2021-05,-5.4,
ESTAT:EI_BSCO_M(1.0),28/10/22 11:00:00,M,BS-CSMCI,SA,BAL,EA19,2021-06,-1.9,
ESTAT:EI_BSCO_M(1.0),28/10/22 11:00:00,M,BS-CSMCI,SA,BAL,EA19,2021-07,-3.6,
ESTAT:EI_BSCO_M(1.0),28/10/22 11:00:00,M,BS-CSMCI,SA,BAL,EA19,2021-08,-5.3,
ESTAT:EI_BSCO_M(1.0),28/10/22 11:00:00,M,BS-CSMCI,SA,BAL,EA19,2021-09,-3.7,
ESTAT:EI_BSCO_M(1.0),28/10/22 11:00:00,M,BS-CSMCI,SA,BAL,EA19,2021-10,-5.2,
ESTAT:EI_BSCO_M(1.0),28/10/22 11:00:00,M,BS-CSMCI,SA,BAL,EA19,2021-11,-8.1,
ESTAT:EI_BSCO_M(1.0),28/10/22 11:00:00,M,BS-CSMCI,SA,BAL,EA19,2021-12,-9.3,
ESTAT:EI_BSCO_M(1.0),28/10/22 11:00:00,M,BS-CSMCI,SA,BAL,EA19,2022-01,-9.7,
ESTAT:EI_BSCO_M(1.0),28/10/22 11:00:00,M,BS-CSMCI,SA,BAL,EA19,2022-02,-9.6,
ESTAT:EI_BSCO_M(1.0),28/10/22 11:00:00,M,BS-CSMCI,SA,BAL,EA19,2022-03,-21.7,
ESTAT:EI_BSCO_M(1.0),28/10/22 11:00:00,M,BS-CSMCI,SA,BAL,EA19,2022-04,-22.1,
ESTAT:EI_BSCO_M(1.0),28/10/22 11:00:00,M,BS-CSMCI,SA,BAL,EA19,2022-05,-21.2,
ESTAT:EI_BSCO_M(1.0),28/10/22 11:00:00,M,BS-CSMCI,SA,BAL,EA19,2022-06,-23.8,
ESTAT:EI_BSCO_M(1.0),28/10/22 11:00:00,M,BS-CSMCI,SA,BAL,EA19,2022-07,-27.0,
ESTAT:EI_BSCO_M(1.0),28/10/22 11:00:00,M,BS-CSMCI,SA,BAL,EA19,2022-08,-25.0,
ESTAT:EI_BSCO_M(1.0),28/10/22 11:00:00,M,BS-CSMCI,SA,BAL,EA19,2022-09,-28.8,
ESTAT:EI_BSCO_M(1.0),28/10/22 11:00:00,M,BS-CSMCI,SA,BAL,EA19,2022-10,-27.6,
