DATAFLOW,LAST UPDATE,freq,unit,coicop,geo,TIME_PERIOD,OBS_VALUE,OBS_FLAG
ESTAT:PRC_HICP_MIDX(1.0),17/11/22 11:00:00,M,I15,CP00,EA19,1996-01,70.40,
ESTAT:PRC_HICP_MIDX(1.0),17/11/22 11:00:00,M,I15,CP00,EA19,1996-02,70.71,
ESTAT:PRC_HICP_MIDX(1.0),17/11/22 11:00:00,M,I15,CP00,EA19,1996-03,71.01,
ESTAT:PRC_HICP_MIDX(1.0),17/11/22 11:00:00,M,I15,CP00,EA19,1996-04,71.14,
ESTAT:PRC_HICP_MIDX(1.0),17/11/22 11:00:00,M,I15,CP00,EA19,1996-05,71.32,
ESTAT:PRC_HICP_MIDX(1.0),17/11/22 11:00:00,M,I15,CP00,EA19,1996-06,71.33,
ESTAT:PRC_HICP_MIDX(1.0),17/11/22 11:00:00,M,I15,CP00,EA19,1996-07,71.31,
ESTAT:PRC_HICP_MIDX(1.0),17/11/22 11:00:00,M,I15,CP00,EA19,1996-08,71.27,
ESTAT:PRC_HICP_MIDX(1.0),17/11/22 11:00:00,M,I15,CP00,EA19,1996-09,71.44,
ESTAT:PRC_HICP_MIDX(1.0),17/11/22 11:00:00,M,I15,CP00,EA19,1996-10,71.52,
ESTAT:PRC_HICP_MIDX(1.0),17/11/22 11:00:00,M,I15,CP00,EA19,1996-11,71.53,
ESTAT:PRC_HICP_MIDX(1.0),17/11/22 11:00:00,M,I15,CP00,EA19,1996-12,71.73,
ESTAT:PRC_HICP_MIDX(1.0),17/11/22 11:00:00,M,I15,CP00,EA19,1997-01,71.95,
ESTAT:PRC_HICP_MIDX(1.0),17/11/22 11:00:00,M,I15,CP00,EA19,1997-02,72.11,
ESTAT:PRC_HICP_MIDX(1.0),17/11/22 11:00:00,M,I15,CP00,EA19,1997-03,72.20,
ESTAT:PRC_HICP_MIDX(1.0),17/11/22 11:00:00,M,I15,CP00,EA19,1997-04,72.18,
ESTAT:PRC_HICP_MIDX(1.0),17/11/22 11:00:00,M,I15,CP00,EA19,1997-05,72.38,
ESTAT:PRC_HICP_MIDX(1.0),17/11/22 11:00:00,M,I15,CP00,EA19,1997-06,72.41,
ESTAT:PRC_HICP_MIDX(1.0),17/11/22 11:00:00,M,I15,CP00,EA19,1997-07,72.46,
ESTAT:PRC_HICP_MIDX(1.0),17/11/22 11:00:00,M,I15,CP00,EA19,1997-08,72.58,
ESTAT:PRC_HICP_MIDX(1.0),17/11/22 11:00:00,M,I15,CP00,EA19,1997-09,72.65,
ESTAT:PRC_HICP_MIDX(1.0),17/11/22 11:00:00,M,I15,CP00,EA19,1997-10,72.69,
ESTAT:PRC_HICP_MIDX(1.0),17/11/22 11:00:00,M,I15,CP00,EA19,1997-11,72.79,
ESTAT:PRC_HICP_MIDX(1.0),17/11/22 11:00:00,M,I15,CP00,EA19,1997-12,72.88,
ESTAT:PRC_HICP_MIDX(1.0),17/11/22 11:00:00,M,I15,CP00,EA19,1998-01,72.82,
ESTAT:PRC_HICP_MIDX(1.0),17/11/22 11:00:00,M,I15,CP00,EA19,1998-02,73.00,
ESTAT:PRC_HICP_MIDX(1.0),17/11/22 11:00:00,M,I15,CP00,EA19,1998-03,73.10,
ESTAT:PRC_HICP_MIDX(1.0),17/11/22 11:00:00,M,I15,CP00,EA19,1998-04,73.28,
ESTAT:PRC_HICP_MIDX(1.0),17/11/22 11:00:00,M,I15,CP00,EA19,1998-05,73.43,
ESTAT:PRC_HICP_MIDX(1.0),17/11/22 11:00:00,M,I15,CP00,EA19,1998-06,73.47,
ESTAT:PRC_HICP_MIDX(1.0),17/11/22 11:00:00,M,I15,CP00,EA19,1998-07,73.47,
ESTAT:PRC_HICP_MIDX(1.0),17/11/22 11:00:00,M,I15,CP00,EA19,1998-08,73.49,
ESTAT:PRC_HICP_MIDX(1.0),17/11/22 11:00:00,M,I15,CP00,EA19,1998-09,73.47,
ESTAT:PRC_HICP_MIDX(1.0),17/11/22 11:00:00,M,I15,CP00,EA19,1998-10,73.45,
ESTAT:PRC_HICP_MIDX(1.0),17/11/22 11:00:00,M,I15,CP00,EA19,1998-11,73.45,
ESTAT:PRC_HICP_MIDX(1.0),17/11/22 11:00:00,M,I15,CP00,EA19,1998-12,73.49,
ESTAT:PRC_HICP_MIDX(1.0),17/11/22 11:00:00,M,I15,CP00,EA19,1999-01,73.44,
ESTAT:PRC_HICP_MIDX(1.0),17/11/22 11:00:00,M,I15,CP00,EA19,1999-02,73.61,
ESTAT:PRC_HICP_MIDX(1.0),17/11/22 11:00:00,M,I15,CP00,EA19,1999-03,73.85,
ESTAT:PRC_HICP_MIDX(1.0),17/11/22 11:00:00,M,I15,CP00,EA19,1999-04,74.11,
ESTAT:PRC_HICP_MIDX(1.0),17/11/22 11:00:00,M,I15,CP00,EA19,1999-05,74.16,
ESTAT:PRC_HICP_MIDX(1.0),17/11/22 11:00:00,M,I15,CP00,EA19,1999-06,74.16,
ESTAT:PRC_HICP_MIDX(1.0),17/11/22 11:00:00,M,I15,CP00,EA19,1999-07,74.26,
ESTAT:PRC_HICP_MIDX(1.0),17/11/22 11:00:00,M,I15,CP00,EA19,1999-08,74.35,
ESTAT:PRC_HICP_MIDX(1.0),17/11/22 11:00:00,M,I15,CP00,EA19,1999-09,74.43,
ESTAT:PRC_HICP_MIDX(1.0),17/11/22 11:00:00,M,I15,CP00,EA19,1999-10,74.47,
ESTAT:PRC_HICP_MIDX(1.0),17/11/22 11:00:00,M,I15,CP00,EA19,1999-11,74.57,
ESTAT:PRC_HICP_MIDX(1.0),17/11/22 11:00:00,M,I15,CP00,EA19,1999-12,74.83,
ESTAT:PRC_HICP_MIDX(1.0),17/11/22 11:00:00,M,I15,CP00,EA19,2000-01,74.86,
ESTAT:PRC_HICP_MIDX(1.0),17/11/22 11:00:00,M,I15,CP00,EA19,2000-02,75.10,
ESTAT:PRC_HICP_MIDX(1.0),17/11/22 11:00:00,M,I15,CP00,EA19,2000-03,75.37,
ESTAT:PRC_HICP_MIDX(1.0),17/11/22 11:00:00,M,I15,CP00,EA19,2000-04,75.45,
ESTAT:PRC_HICP_MIDX(1.0),17/11/22 11:00:00,M,I15,CP00,EA19,2000-05,75.54,
ESTAT:PRC_HICP_MIDX(1.0),17/11/22 11:00:00,M,I15,CP00,EA19,2000-06,75.80,
ESTAT:PRC_HICP_MIDX(1.0),17/11/22 11:00:00,M,I15,CP00,EA19,2000-07,75.87,
ESTAT:PRC_HICP_MIDX(1.0),17/11/22 11:00:00,M,I15,CP00,EA19,2000-08,75.93,
ESTAT:PRC_HICP_MIDX(1.0),17/11/22 11:00:00,M,I15,CP00,EA19,2000-09,76.26,
ESTAT:PRC_HICP_MIDX(1.0),17/11/22 11:00:00,M,I15,CP00,EA19,2000-10,76.30,
ESTAT:PRC_HICP_MIDX(1.0),17/11/22 11:00:00,M,I15,CP00,EA19,2000-11,76.46,
ESTAT:PRC_HICP_MIDX(1.0),17/11/22 11:00:00,M,I15,CP00,EA19,2000-12,76.75,
ESTAT:PRC_HICP_MIDX(1.0),17/11/22 11:00:00,M,I15,CP00,EA19,2001-01,76.43,
ESTAT:PRC_HICP_MIDX(1.0),17/11/22 11:00:00,M,I15,CP00,EA19,2001-02,76.66,
ESTAT:PRC_HICP_MIDX(1.0),17/11/22 11:00:00,M,I15,CP00,EA19,2001-03,77.07,
ESTAT:PRC_HICP_MIDX(1.0),17/11/22 11:00:00,M,I15,CP00,EA19,2001-04,77.54,
ESTAT:PRC_HICP_MIDX(1.0),17/11/22 11:00:00,M,I15,CP00,EA19,2001-05,77.90,
ESTAT:PRC_HICP_MIDX(1.0),17/11/22 11:00:00,M,I15,CP00,EA19,2001-06,78.02,
ESTAT:PRC_HICP_MIDX(1.0),17/11/22 11:00:00,M,I15,CP00,EA19,2001-07,77.84,
ESTAT:PRC_HICP_MIDX(1.0),17/11/22 11:00:00,M,I15,CP00,EA19,2001-08,77.78,
ESTAT:PRC_HICP_MIDX(1.0),17/11/22 11:00:00,M,I15,CP00,EA19,2001-09,77.99,
ESTAT:PRC_HICP_MIDX(1.0),17/11/22 11:00:00,M,I15,CP00,EA19,2001-10,78.06,
ESTAT:PRC_HICP_MIDX(1.0),17/11/22 11:00:00,M,I15,CP00,EA19,2001-11,78.01,
ESTAT:PRC_HICP_MIDX(1.0),17/11/22 11:00:00,M,I15,CP00,EA19,2001-12,78.36,
ESTAT:PRC_HICP_MIDX(1.0),17/11/22 11:00:00,M,I15,CP00,EA19,2002-01,78.45,
ESTAT:PRC_HICP_MIDX(1.0),17/11/22 11:00:00,M,I15,CP00,EA19,2002-02,78.58,
ESTAT:PRC_HICP_MIDX(1.0),17/11/22 11:00:00,M,I15,CP00,EA19,2002-03,79.02,
ESTAT:PRC_HICP_MIDX(1.0),17/11/22 11:00:00,M,I15,CP00,EA19,2002-04,79.38,
ESTAT:PRC_HICP_MIDX(1.0),17/11/22 11:00:00,M,I15,CP00,EA19,2002-05,79.52,
ESTAT:PRC_HICP_MIDX(1.0),17/11/22 11:00:00,M,I15,CP00,EA19,2002-06,79.49,
ESTAT:PRC_HICP_MIDX(1.0),17/11/22 11:00:00,M,I15,CP00,EA19,2002-07,79.41,
ESTAT:PRC_HICP_MIDX(1.0),17/11/22 11:00:00,M,I15,CP00,EA19,2002-08,79.46,
ESTAT:PRC_HICP_MIDX(1.0),17/11/22 11:00:00,M,I15,CP00,EA19,2002-09,79.66,
ESTAT:PRC_HICP_MIDX(1.0),17/11/22 11:00:00,M,I15,CP00,EA19,2002-10,79.85,
ESTAT:PRC_HICP_MIDX(1.0),17/11/22 11:00:00,M,I15,CP00,EA19,2002-11,79.79,
ESTAT:PRC_HICP_MIDX(1.0),17/11/22 11:00:00,M,I15,CP00,EA19,2002-12,80.17,
ESTAT:PRC_HICP_MIDX(1.0),17/11/22 11:00:00,M,I15,CP00,EA19,2003-01,80.14,
ESTAT:PRC_HICP_MIDX(1.0),17/11/22 11:00:00,M,I15,CP00,EA19,2003-02,80.46,
ESTAT:PRC_HICP_MIDX(1.0),17/11/22 11:00:00,M,I15,CP00,EA19,2003-03,80.93,
ESTAT:PRC_HICP_MIDX(1.0),17/11/22 11:00:00,M,I15,CP00,EA19,2003-04,81.05,
ESTAT:PRC_HICP_MIDX(1.0),17/11/22 11:00:00,M,I15,CP00,EA19,2003-05,81.00,
ESTAT:PRC_HICP_MIDX(1.0),17/11/22 11:00:00,M,I15,CP00,EA19,2003-06,81.10,
ESTAT:PRC_HICP_MIDX(1.0),17/11/22 11:00:00,M,I15,CP00,EA19,2003-07,80.98,
ESTAT:PRC_HICP_MIDX(1.0),17/11/22 11:00:00,M,I15,CP00,EA19,2003-08,81.10,
ESTAT:PRC_HICP_MIDX(1.0),17/11/22 11:00:00,M,I15,CP00,EA19,2003-09,81.39,
ESTAT:PRC_HICP_MIDX(1.0),17/11/22 11:00:00,M,I15,CP00,EA19,2003-10,81.51,
ESTAT:PRC_HICP_MIDX(1.0),17/11/22 11:00:00,M,I15,CP00,EA19,2003-11,81.54,
ESTAT:PRC_HICP_MIDX(1.0),17/11/22 11:00:00,M,I15,CP00,EA19,2003-12,81.79,
ESTAT:PRC_HICP_MIDX(1.0),17/11/22 11:00:00,M,I15,CP00,EA19,2004-01,81.61,
ESTAT:PRC_HICP_MIDX(1.0),17/11/22 11:00:00,M,I15,CP00,EA19,2004-02,81.80,
ESTAT:PRC_HICP_MIDX(1.0),17/11/22 11:00:00,M,I15,CP00,EA19,2004-03,82.32,
ESTAT:PRC_HICP_MIDX(1.0),17/11/22 11:00:00,M,I15,CP00,EA19,2004-04,82.74,
ESTAT:PRC_HICP_MIDX(1.0),17/11/22 11:00:00,M,I15,CP00,EA19,2004-05,83.01,
ESTAT:PRC_HICP_MIDX(1.0),17/11/22 11:00:00,M,I15,CP00,EA19,2004-06,83.05,
ESTAT:PRC_HICP_MIDX(1.0),17/11/22 11:00:00,M,I15,CP00,EA19,2004-07,82.88,
ESTAT:PRC_HICP_MIDX(1.0),17/11/22 11:00:00,M,I15,CP00,EA19,2004-08,83.04,
ESTAT:PRC_HICP_MIDX(1.0),17/11/22 11:00:00,M,I15,CP00,EA19,2004-09,83.14,
ESTAT:PRC_HICP_MIDX(1.0),17/11/22 11:00:00,M,I15,CP00,EA19,2004-10,83.46,
ESTAT:PRC_HICP_MIDX(1.0),17/11/22 11:00:00,M,I15,CP00,EA19,2004-11,83.40,
ESTAT:PRC_HICP_MIDX(1.0),17/11/22 11:00:00,M,I15,CP00,EA19,2004-12,83.72,
ESTAT:PRC_HICP_MIDX(1.0),17/11/22 11:00:00,M,I15,CP00,EA19,2005-01,83.20,
ESTAT:PRC_HICP_MIDX(1.0),17/11/22 11:00:00,M,I15,CP00,EA19,2005-02,83.50,
ESTAT:PRC_HICP_MIDX(1.0),17/11/22 11:00:00,M,I15,CP00,EA19,2005-03,84.12,
ESTAT:PRC_HICP_MIDX(1.0),17/11/22 11:00:00,M,I15,CP00,EA19,2005-04,84.47,
ESTAT:PRC_HICP_MIDX(1.0),17/11/22 11:00:00,M,I15,CP00,EA19,2005-05,84.66,
ESTAT:PRC_HICP_MIDX(1.0),17/11/22 11:00:00,M,I15,CP00,EA19,2005-06,84.75,
ESTAT:PRC_HICP_MIDX(1.0),17/11/22 11:00:00,M,I15,CP00,EA19,2005-07,84.66,
ESTAT:PRC_HICP_MIDX(1.0),17/11/22 11:00:00,M,I15,CP00,EA19,2005-08,84.86,
ESTAT:PRC_HICP_MIDX(1.0),17/11/22 11:00:00,M,I15,CP00,EA19,2005-09,85.30,
ESTAT:PRC_HICP_MIDX(1.0),17/11/22 11:00:00,M,I15,CP00,EA19,2005-10,85.52,
ESTAT:PRC_HICP_MIDX(1.0),17/11/22 11:00:00,M,I15,CP00,EA19,2005-11,85.33,
ESTAT:PRC_HICP_MIDX(1.0),17/11/22 11:00:00,M,I15,CP00,EA19,2005-12,85.62,
ESTAT:PRC_HICP_MIDX(1.0),17/11/22 11:00:00,M,I15,CP00,EA19,2006-01,85.24,
ESTAT:PRC_HICP_MIDX(1.0),17/11/22 11:00:00,M,I15,CP00,EA19,2006-02,85.48,
ESTAT:PRC_HICP_MIDX(1.0),17/11/22 11:00:00,M,I15,CP00,EA19,2006-03,85.98,
ESTAT:PRC_HICP_MIDX(1.0),17/11/22 11:00:00,M,I15,CP00,EA19,2006-04,86.55,
ESTAT:PRC_HICP_MIDX(1.0),17/11/22 11:00:00,M,I15,CP00,EA19,2006-05,86.79,
ESTAT:PRC_HICP_MIDX(1.0),17/11/22 11:00:00,M,I15,CP00,EA19,2006-06,86.85,
ESTAT:PRC_HICP_MIDX(1.0),17/11/22 11:00:00,M,I15,CP00,EA19,2006-07,86.75,
ESTAT:PRC_HICP_MIDX(1.0),17/11/22 11:00:00,M,I15,CP00,EA19,2006-08,86.83,
ESTAT:PRC_HICP_MIDX(1.0),17/11/22 11:00:00,M,I15,CP00,EA19,2006-09,86.83,
ESTAT:PRC_HICP_MIDX(1.0),17/11/22 11:00:00,M,I15,CP00,EA19,2006-10,86.90,
ESTAT:PRC_HICP_MIDX(1.0),17/11/22 11:00:00,M,I15,CP00,EA19,2006-11,86.94,
ESTAT:PRC_HICP_MIDX(1.0),17/11/22 11:00:00,M,I15,CP00,EA19,2006-12,87.27,
ESTAT:PRC_HICP_MIDX(1.0),17/11/22 11:00:00,M,I15,CP00,EA19,2007-01,86.83,
ESTAT:PRC_HICP_MIDX(1.0),17/11/22 11:00:00,M,I15,CP00,EA19,2007-02,87.08,
ESTAT:PRC_HICP_MIDX(1.0),17/11/22 11:00:00,M,I15,CP00,EA19,2007-03,87.66,
ESTAT:PRC_HICP_MIDX(1.0),17/11/22 11:00:00,M,I15,CP00,EA19,2007-04,88.22,
ESTAT:PRC_HICP_MIDX(1.0),17/11/22 11:00:00,M,I15,CP00,EA19,2007-05,88.43,
ESTAT:PRC_HICP_MIDX(1.0),17/11/22 11:00:00,M,I15,CP00,EA19,2007-06,88.52,
ESTAT:PRC_HICP_MIDX(1.0),17/11/22 11:00:00,M,I15,CP00,EA19,2007-07,88.31,
ESTAT:PRC_HICP_MIDX(1.0),17/11/22 11:00:00,M,I15,CP00,EA19,2007-08,88.37,
ESTAT:PRC_HICP_MIDX(1.0),17/11/22 11:00:00,M,I15,CP00,EA19,2007-09,88.71,
ESTAT:PRC_HICP_MIDX(1.0),17/11/22 11:00:00,M,I15,CP00,EA19,2007-10,89.15,
ESTAT:PRC_HICP_MIDX(1.0),17/11/22 11:00:00,M,I15,CP00,EA19,2007-11,89.63,
ESTAT:PRC_HICP_MIDX(1.0),17/11/22 11:00:00,M,I15,CP00,EA19,2007-12,89.98,
ESTAT:PRC_HICP_MIDX(1.0),17/11/22 11:00:00,M,I15,CP00,EA19,2008-01,89.67,
ESTAT:PRC_HICP_MIDX(1.0),17/11/22 11:00:00,M,I15,CP00,EA19,2008-02,89.98,
ESTAT:PRC_HICP_MIDX(1.0),17/11/22 11:00:00,M,I15,CP00,EA19,2008-03,90.87,
ESTAT:PRC_HICP_MIDX(1.0),17/11/22 11:00:00,M,I15,CP00,EA19,2008-04,91.17,
ESTAT:PRC_HICP_MIDX(1.0),17/11/22 11:00:00,M,I15,CP00,EA19,2008-05,91.74,
ESTAT:PRC_HICP_MIDX(1.0),17/11/22 11:00:00,M,I15,CP00,EA19,2008-06,92.09,
ESTAT:PRC_HICP_MIDX(1.0),17/11/22 11:00:00,M,I15,CP00,EA19,2008-07,91.95,
ESTAT:PRC_HICP_MIDX(1.0),17/11/22 11:00:00,M,I15,CP00,EA19,2008-08,91.82,
ESTAT:PRC_HICP_MIDX(1.0),17/11/22 11:00:00,M,I15,CP00,EA19,2008-09,92.00,
ESTAT:PRC_HICP_MIDX(1.0),17/11/22 11:00:00,M,I15,CP00,EA19,2008-10,92.03,
ESTAT:PRC_HICP_MIDX(1.0),17/11/22 11:00:00,M,I15,CP00,EA19,2008-11,91.59,
ESTAT:PRC_HICP_MIDX(1.0),17/11/22 11:00:00,M,I15,CP00,EA19,2008-12,91.47,
ESTAT:PRC_HICP_MIDX(1.0),17/11/22 11:00:00,M,I15,CP00,EA19,2009-01,90.73,
ESTAT:PRC_HICP_MIDX(1.0),17/11/22 11:00:00,M,I15,CP00,EA19,2009-02,91.10,
ESTAT:PRC_HICP_MIDX(1.0),17/11/22 11:00:00,M,I15,CP00,EA19,2009-03,91.44,
ESTAT:PRC_HICP_MIDX(1.0),17/11/22 11:00:00,M,I15,CP00,EA19,2009-04,91.76,
ESTAT:PRC_HICP_MIDX(1.0),17/11/22 11:00:00,M,I15,CP00,EA19,2009-05,91.80,
ESTAT:PRC_HICP_MIDX(1.0),17/11/22 11:00:00,M,I15,CP00,EA19,2009-06,91.99,
ESTAT:PRC_HICP_MIDX(1.0),17/11/22 11:00:00,M,I15,CP00,EA19,2009-07,91.38,
ESTAT:PRC_HICP_MIDX(1.0),17/11/22 11:00:00,M,I15,CP00,EA19,2009-08,91.69,
ESTAT:PRC_HICP_MIDX(1.0),17/11/22 11:00:00,M,I15,CP00,EA19,2009-09,91.71,
ESTAT:PRC_HICP_MIDX(1.0),17/11/22 11:00:00,M,I15,CP00,EA19,2009-10,91.92,
ESTAT:PRC_HICP_MIDX(1.0),17/11/22 11:00:00,M,I15,CP00,EA19,2009-11,92.02,
ESTAT:PRC_HICP_MIDX(1.0),17/11/22 11:00:00,M,I15,CP00,EA19,2009-12,92.31,
ESTAT:PRC_HICP_MIDX(1.0),17/11/22 11:00:00,M,I15,CP00,EA19,2010-01,91.56,
ESTAT:PRC_HICP_MIDX(1.0),17/11/22 11:00:00,M,I15,CP00,EA19,2010-02,91.85,
ESTAT:PRC_HICP_MIDX(1.0),17/11/22 11:00:00,M,I15,CP00,EA19,2010-03,92.86,
ESTAT:PRC_HICP_MIDX(1.0),17/11/22 11:00:00,M,I15,CP00,EA19,2010-04,93.24,
ESTAT:PRC_HICP_MIDX(1.0),17/11/22 11:00:00,M,I15,CP00,EA19,2010-05,93.35,
ESTAT:PRC_HICP_MIDX(1.0),17/11/22 11:00:00,M,I15,CP00,EA19,2010-06,93.35,
ESTAT:PRC_HICP_MIDX(1.0),17/11/22 11:00:00,M,I15,CP00,EA19,2010-07,92.95,
ESTAT:PRC_HICP_MIDX(1.0),17/11/22 11:00:00,M,I15,CP00,EA19,2010-08,93.13,
ESTAT:PRC_HICP_MIDX(1.0),17/11/22 11:00:00,M,I15,CP00,EA19,2010-09,93.42,
ESTAT:PRC_HICP_MIDX(1.0),17/11/22 11:00:00,M,I15,CP00,EA19,2010-10,93.71,
ESTAT:PRC_HICP_MIDX(1.0),17/11/22 11:00:00,M,I15,CP00,EA19,2010-11,93.79,
ESTAT:PRC_HICP_MIDX(1.0),17/11/22 11:00:00,M,I15,CP00,EA19,2010-12,94.36,
ESTAT:PRC_HICP_MIDX(1.0),17/11/22 11:00:00,M,I15,CP00,EA19,2011-01,93.69,
ESTAT:PRC_HICP_MIDX(1.0),17/11/22 11:00:00,M,I15,CP00,EA19,2011-02,94.08,
ESTAT:PRC_HICP_MIDX(1.0),17/11/22 11:00:00,M,I15,CP00,EA19,2011-03,95.35,
ESTAT:PRC_HICP_MIDX(1.0),17/11/22 11:00:00,M,I15,CP00,EA19,2011-04,95.89,
ESTAT:PRC_HICP_MIDX(1.0),17/11/22 11:00:00,M,I15,CP00,EA19,2011-05,95.90,
ESTAT:PRC_HICP_MIDX(1.0),17/11/22 11:00:00,M,I15,CP00,EA19,2011-06,95.89,
ESTAT:PRC_HICP_MIDX(1.0),17/11/22 11:00:00,M,I15,CP00,EA19,2011-07,95.34,
ESTAT:PRC_HICP_MIDX(1.0),17/11/22 11:00:00,M,I15,CP00,EA19,2011-08,95.52,
ESTAT:PRC_HICP_MIDX(1.0),17/11/22 11:00:00,M,I15,CP00,EA19,2011-09,96.22,
ESTAT:PRC_HICP_MIDX(1.0),17/11/22 11:00:00,M,I15,CP00,EA19,2011-10,96.55,
ESTAT:PRC_HICP_MIDX(1.0),17/11/22 11:00:00,M,I15,CP00,EA19,2011-11,96.64,
ESTAT:PRC_HICP_MIDX(1.0),17/11/22 11:00:00,M,I15,CP00,EA19,2011-12,96.96,
ESTAT:PRC_HICP_MIDX(1.0),17/11/22 11:00:00,M,I15,CP00,EA19,2012-01,96.18,
ESTAT:PRC_HICP_MIDX(1.0),17/11/22 11:00:00,M,I15,CP00,EA19,2012-02,96.66,
ESTAT:PRC_HICP_MIDX(1.0),17/11/22 11:00:00,M,I15,CP00,EA19,2012-03,97.91,
ESTAT:PRC_HICP_MIDX(1.0),17/11/22 11:00:00,M,I15,CP00,EA19,2012-04,98.36,
ESTAT:PRC_HICP_MIDX(1.0),17/11/22 11:00:00,M,I15,CP00,EA19,2012-05,98.23,
ESTAT:PRC_HICP_MIDX(1.0),17/11/22 11:00:00,M,I15,CP00,EA19,2012-06,98.15,
ESTAT:PRC_HICP_MIDX(1.0),17/11/22 11:00:00,M,I15,CP00,EA19,2012-07,97.64,
ESTAT:PRC_HICP_MIDX(1.0),17/11/22 11:00:00,M,I15,CP00,EA19,2012-08,98.02,
ESTAT:PRC_HICP_MIDX(1.0),17/11/22 11:00:00,M,I15,CP00,EA19,2012-09,98.73,
ESTAT:PRC_HICP_MIDX(1.0),17/11/22 11:00:00,M,I15,CP00,EA19,2012-10,98.96,
ESTAT:PRC_HICP_MIDX(1.0),17/11/22 11:00:00,M,I15,CP00,EA19,2012-11,98.76,
ESTAT:PRC_HICP_MIDX(1.0),17/11/22 11:00:00,M,I15,CP00,EA19,2012-12,99.11,
ESTAT:PRC_HICP_MIDX(1.0),17/11/22 11:00:00,M,I15,CP00,EA19,2013-01,98.09,
ESTAT:PRC_HICP_MIDX(1.0),17/11/22 11:00:00,M,I15,CP00,EA19,2013-02,98.45,
ESTAT:PRC_HICP_MIDX(1.0),17/11/22 11:00:00,M,I15,CP00,EA19,2013-03,99.61,
ESTAT:PRC_HICP_MIDX(1.0),17/11/22 11:00:00,M,I15,CP00,EA19,2013-04,99.52,
ESTAT:PRC_HICP_MIDX(1.0),17/11/22 11:00:00,M,I15,CP00,EA19,2013-05,99.63,
ESTAT:PRC_HICP_MIDX(1.0),17/11/22 11:00:00,M,I15,CP00,EA19,2013-06,99.73,
ESTAT:PRC_HICP_MIDX(1.0),17/11/22 11:00:00,M,I15,CP00,EA19,2013-07,99.20,
ESTAT:PRC_HICP_MIDX(1.0),17/11/22 11:00:00,M,I15,CP00,EA19,2013-08,99.32,
ESTAT:PRC_HICP_MIDX(1.0),17/11/22 11:00:00,M,I15,CP00,EA19,2013-09,99.80,
ESTAT:PRC_HICP_MIDX(1.0),17/11/22 11:00:00,M,I15,CP00,EA19,2013-10,99.68,
ESTAT:PRC_HICP_MIDX(1.0),17/11/22 11:00:00,M,I15,CP00,EA19,2013-11,99.60,
ESTAT:PRC_HICP_MIDX(1.0),17/11/22 11:00:00,M,I15,CP00,EA19,2013-12,99.95,
ESTAT:PRC_HICP_MIDX(1.0),17/11/22 11:00:00,M,I15,CP00,EA19,2014-01,98.84,
ESTAT:PRC_HICP_MIDX(1.0),17/11/22 11:00:00,M,I15,CP00,EA19,2014-02,99.14,
ESTAT:PRC_HICP_MIDX(1.0),17/11/22 11:00:00,M,I15,CP00,EA19,2014-03,100.07,
ESTAT:PRC_HICP_MIDX(1.0),17/11/22 11:00:00,M,I15,CP00,EA19,2014-04,100.22,
ESTAT:PRC_HICP_MIDX(1.0),17/11/22 11:00:00,M,I15,CP00,EA19,2014-05,100.11,
ESTAT:PRC_HICP_MIDX(1.0),17/11/22 11:00:00,M,I15,CP00,EA19,2014-06,100.22,
ESTAT:PRC_HICP_MIDX(1.0),17/11/22 11:00:00,M,I15,CP00,EA19,2014-07,99.57,
ESTAT:PRC_HICP_MIDX(1.0),17/11/22 11:00:00,M,I15,CP00,EA19,2014-08,99.68,
ESTAT:PRC_HICP_MIDX(1.0),17/11/22 11:00:00,M,I15,CP00,EA19,2014-09,100.12,
ESTAT:PRC_HICP_MIDX(1.0),17/11/22 11:00:00,M,I15,CP00,EA19,2014-10,100.06,
ESTAT:PRC_HICP_MIDX(1.0),17/11/22 11:00:00,M,I15,CP00,EA19,2014-11,99.88,
ESTAT:PRC_HICP_MIDX(1.0),17/11/22 11:00:00,M,I15,CP00,EA19,2014-12,99.78,
ESTAT:PRC_HICP_MIDX(1.0),17/11/22 11:00:00,M,I15,CP00,EA19,2015-01,98.24,
ESTAT:PRC_HICP_MIDX(1.0),17/11/22 11:00:00,M,I15,CP00,EA19,2015-02,98.85,
ESTAT:PRC_HICP_MIDX(1.0),17/11/22 11:00:00,M,I15,CP00,EA19,2015-03,100.00,
ESTAT:PRC_HICP_MIDX(1.0),17/11/22 11:00:00,M,I15,CP00,EA19,2015-04,100.43,
ESTAT:PRC_HICP_MIDX(1.0),17/11/22 11:00:00,M,I15,CP00,EA19,2015-05,100.71,
ESTAT:PRC_HICP_MIDX(1.0),17/11/22 11:00:00,M,I15,CP00,EA19,2015-06,100.72,
ESTAT:PRC_HICP_MIDX(1.0),17/11/22 11:00:00,M,I15,CP00,EA19,2015-07,100.11,
ESTAT:PRC_HICP_MIDX(1.0),17/11/22 11:00:00,M,I15,CP00,EA19,2015-08,100.12,
ESTAT:PRC_HICP_MIDX(1.0),17/11/22 11:00:00,M,I15,CP00,EA19,2015-09,100.32,
ESTAT:PRC_HICP_MIDX(1.0),17/11/22 11:00:00,M,I15,CP00,EA19,2015-10,100.45,
ESTAT:PRC_HICP_MIDX(1.0),17/11/22 11:00:00,M,I15,CP00,EA19,2015-11,100.01,
ESTAT:PRC_HICP_MIDX(1.0),17/11/22 11:00:00,M,I15,CP00,EA19,2015-12,100.03,
ESTAT:PRC_HICP_MIDX(1.0),17/11/22 11:00:00,M,I15,CP00,EA19,2016-01,98.56,
ESTAT:PRC_HICP_MIDX(1.0),17/11/22 11:00:00,M,I15,CP00,EA19,2016-02,98.73,
ESTAT:PRC_HICP_MIDX(1.0),17/11/22 11:00:00,M,I15,CP00,EA19,2016-03,99.96,
ESTAT:PRC_HICP_MIDX(1.0),17/11/22 11:00:00,M,I15,CP00,EA19,2016-04,100.17,
ESTAT:PRC_HICP_MIDX(1.0),17/11/22 11:00:00,M,I15,CP00,EA19,2016-05,100.59,
ESTAT:PRC_HICP_MIDX(1.0),17/11/22 11:00:00,M,I15,CP00,EA19,2016-06,100.77,
ESTAT:PRC_HICP_MIDX(1.0),17/11/22 11:00:00,M,I15,CP00,EA19,2016-07,100.28,
ESTAT:PRC_HICP_MIDX(1.0),17/11/22 11:00:00,M,I15,CP00,EA19,2016-08,100.34,
ESTAT:PRC_HICP_MIDX(1.0),17/11/22 11:00:00,M,I15,CP00,EA19,2016-09,100.72,
ESTAT:PRC_HICP_MIDX(1.0),17/11/22 11:00:00,M,I15,CP00,EA19,2016-10,100.96,
ESTAT:PRC_HICP_MIDX(1.0),17/11/22 11:00:00,M,I15,CP00,EA19,2016-11,100.60,
ESTAT:PRC_HICP_MIDX(1.0),17/11/22 11:00:00,M,I15,CP00,EA19,2016-12,101.13,
ESTAT:PRC_HICP_MIDX(1.0),17/11/22 11:00:00,M,I15,CP00,EA19,2017-01,100.26,
ESTAT:PRC_HICP_MIDX(1.0),17/11/22 11:00:00,M,I15,CP00,EA19,2017-02,100.66,
ESTAT:PRC_HICP_MIDX(1.0),17/11/22 11:00:00,M,I15,CP00,EA19,2017-03,101.49,
ESTAT:PRC_HICP_MIDX(1.0),17/11/22 11:00:00,M,I15,CP00,EA19,2017-04,102.07,
ESTAT:PRC_HICP_MIDX(1.0),17/11/22 11:00:00,M,I15,CP00,EA19,2017-05,101.98,
ESTAT:PRC_HICP_MIDX(1.0),17/11/22 11:00:00,M,I15,CP00,EA19,2017-06,102.08,
ESTAT:PRC_HICP_MIDX(1.0),17/11/22 11:00:00,M,I15,CP00,EA19,2017-07,101.62,
ESTAT:PRC_HICP_MIDX(1.0),17/11/22 11:00:00,M,I15,CP00,EA19,2017-08,101.89,
ESTAT:PRC_HICP_MIDX(1.0),17/11/22 11:00:00,M,I15,CP00,EA19,2017-09,102.29,
ESTAT:PRC_HICP_MIDX(1.0),17/11/22 11:00:00,M,I15,CP00,EA19,2017-10,102.34,
ESTAT:PRC_HICP_MIDX(1.0),17/11/22 11:00:00,M,I15,CP00,EA19,2017-11,102.14,
ESTAT:PRC_HICP_MIDX(1.0),17/11/22 11:00:00,M,I15,CP00,EA19,2017-12,102.49,
ESTAT:PRC_HICP_MIDX(1.0),17/11/22 11:00:00,M,I15,CP00,EA19,2018-01,101.56,
ESTAT:PRC_HICP_MIDX(1.0),17/11/22 11:00:00,M,I15,CP00,EA19,2018-02,101.78,
ESTAT:PRC_HICP_MIDX(1.0),17/11/22 11:00:00,M,I15,CP00,EA19,2018-03,102.91,
ESTAT:PRC_HICP_MIDX(1.0),17/11/22 11:00:00,M,I15,CP00,EA19,2018-04,103.32,
ESTAT:PRC_HICP_MIDX(1.0),17/11/22 11:00:00,M,I15,CP00,EA19,2018-05,103.97,
ESTAT:PRC_HICP_MIDX(1.0),17/11/22 11:00:00,M,I15,CP00,EA19,2018-06,104.09,
ESTAT:PRC_HICP_MIDX(1.0),17/11/22 11:00:00,M,I15,CP00,EA19,2018-07,103.85,
ESTAT:PRC_HICP_MIDX(1.0),17/11/22 11:00:00,M,I15,CP00,EA19,2018-08,104.01,
ESTAT:PRC_HICP_MIDX(1.0),17/11/22 11:00:00,M,I15,CP00,EA19,2018-09,104.42,
ESTAT:PRC_HICP_MIDX(1.0),17/11/22 11:00:00,M,I15,CP00,EA19,2018-10,104.68,
ESTAT:PRC_HICP_MIDX(1.0),17/11/22 11:00:00,M,I15,CP00,EA19,2018-11,104.10,
ESTAT:PRC_HICP_MIDX(1.0),17/11/22 11:00:00,M,I15,CP00,EA19,2018-12,104.05,
ESTAT:PRC_HICP_MIDX(1.0),17/11/22 11:00:00,M,I15,CP00,EA19,2019-01,102.97,
ESTAT:PRC_HICP_MIDX(1.0),17/11/22 11:00:00,M,I15,CP00,EA19,2019-02,103.30,
ESTAT:PRC_HICP_MIDX(1.0),17/11/22 11:00:00,M,I15,CP00,EA19,2019-03,104.35,
ESTAT:PRC_HICP_MIDX(1.0),17/11/22 11:00:00,M,I15,CP00,EA19,2019-04,105.10,
ESTAT:PRC_HICP_MIDX(1.0),17/11/22 11:00:00,M,I15,CP00,EA19,2019-05,105.24,
ESTAT:PRC_HICP_MIDX(1.0),17/11/22 11:00:00,M,I15,CP00,EA19,2019-06,105.41,
ESTAT:PRC_HICP_MIDX(1.0),17/11/22 11:00:00,M,I15,CP00,EA19,2019-07,104.91,
ESTAT:PRC_HICP_MIDX(1.0),17/11/22 11:00:00,M,I15,CP00,EA19,2019-08,105.06,
ESTAT:PRC_HICP_MIDX(1.0),17/11/22 11:00:00,M,I15,CP00,EA19,2019-09,105.29,
ESTAT:PRC_HICP_MIDX(1.0),17/11/22 11:00:00,M,I15,CP00,EA19,2019-10,105.44,
ESTAT:PRC_HICP_MIDX(1.0),17/11/22 11:00:00,M,I15,CP00,EA19,2019-11,105.10,
ESTAT:PRC_HICP_MIDX(1.0),17/11/22 11:00:00,M,I15,CP00,EA19,2019-12,105.43,
ESTAT:PRC_HICP_MIDX(1.0),17/11/22 11:00:00,M,I15,CP00,EA19,2020-01,104.37,
ESTAT:PRC_HICP_MIDX(1.0),17/11/22 11:00:00,M,I15,CP00,EA19,2020-02,104.56,
ESTAT:PRC_HICP_MIDX(1.0),17/11/22 11:00:00,M,I15,CP00,EA19,2020-03,105.13,
ESTAT:PRC_HICP_MIDX(1.0),17/11/22 11:00:00,M,I15,CP00,EA19,2020-04,105.43,
ESTAT:PRC_HICP_MIDX(1.0),17/11/22 11:00:00,M,I15,CP00,EA19,2020-05,105.33,
ESTAT:PRC_HICP_MIDX(1.0),17/11/22 11:00:00,M,I15,CP00,EA19,2020-06,105.69,
ESTAT:PRC_HICP_MIDX(1.0),17/11/22 11:00:00,M,I15,CP00,EA19,2020-07,105.32,
ESTAT:PRC_HICP_MIDX(1.0),17/11/22 11:00:00,M,I15,CP00,EA19,2020-08,104.88,
ESTAT:PRC_HICP_MIDX(1.0),17/11/22 11:00:00,M,I15,CP00,EA19,2020-09,104.96,
ESTAT:PRC_HICP_MIDX(1.0),17/11/22 11:00:00,M,I15,CP00,EA19,2020-10,105.15,
ESTAT:PRC_HICP_MIDX(1.0),17/11/22 11:00:00,M,I15,CP00,EA19,2020-11,104.80,
ESTAT:PRC_HICP_MIDX(1.0),17/11/22 11:00:00,M,I15,CP00,EA19,2020-12,105.15,
ESTAT:PRC_HICP_MIDX(1.0),17/11/22 11:00:00,M,I15,CP00,EA19,2021-01,105.32,
ESTAT:PRC_HICP_MIDX(1.0),17/11/22 11:00:00,M,I15,CP00,EA19,2021-02,105.54,
ESTAT:PRC_HICP_MIDX(1.0),17/11/22 11:00:00,M,I15,CP00,EA19,2021-03,106.53,
ESTAT:PRC_HICP_MIDX(1.0),17/11/22 11:00:00,M,I15,CP00,EA19,2021-04,107.14,
ESTAT:PRC_HICP_MIDX(1.0),17/11/22 11:00:00,M,I15,CP00,EA19,2021-05,107.42,
ESTAT:PRC_HICP_MIDX(1.0),17/11/22 11:00:00,M,I15,CP00,EA19,2021-06,107.70,
ESTAT:PRC_HICP_MIDX(1.0),17/11/22 11:00:00,M,I15,CP00,EA19,2021-07,107.60,
ESTAT:PRC_HICP_MIDX(1.0),17/11/22 11:00:00,M,I15,CP00,EA19,2021-08,107.98,
ESTAT:PRC_HICP_MIDX(1.0),17/11/22 11:00:00,M,I15,CP00,EA19,2021-09,108.49,
ESTAT:PRC_HICP_MIDX(1.0),17/11/22 11:00:00,M,I15,CP00,EA19,2021-10,109.41,
ESTAT:PRC_HICP_MIDX(1.0),17/11/22 11:00:00,M,I15,CP00,EA19,2021-11,109.90,
ESTAT:PRC_HICP_MIDX(1.0),17/11/22 11:00:00,M,I15,CP00,EA19,2021-12,110.37,
ESTAT:PRC_HICP_MIDX(1.0),17/11/22 11:00:00,M,I15,CP00,EA19,2022-01,110.70,
ESTAT:PRC_HICP_MIDX(1.0),17/11/22 11:00:00,M,I15,CP00,EA19,2022-02,111.74,
ESTAT:PRC_HICP_MIDX(1.0),17/11/22 11:00:00,M,I15,CP00,EA19,2022-03,114.46,
ESTAT:PRC_HICP_MIDX(1.0),17/11/22 11:00:00,M,I15,CP00,EA19,2022-04,115.11,
ESTAT:PRC_HICP_MIDX(1.0),17/11/22 11:00:00,M,I15,CP00,EA19,2022-05,116.07,
ESTAT:PRC_HICP_MIDX(1.0),17/11/22 11:00:00,M,I15,CP00,EA19,2022-06,117.01,
ESTAT:PRC_HICP_MIDX(1.0),17/11/22 11:00:00,M,I15,CP00,EA19,2022-07,117.14,
ESTAT:PRC_HICP_MIDX(1.0),17/11/22 11:00:00,M,I15,CP00,EA19,2022-08,117.85,
ESTAT:PRC_HICP_MIDX(1.0),17/11/22 11:00:00,M,I15,CP00,EA19,2022-09,119.26,
ESTAT:PRC_HICP_MIDX(1.0),17/11/22 11:00:00,M,I15,CP00,EA19,2022-10,121.03,
